product_id_from,product_id_to,frequency
880be32f4db1d9f6e2bec38fb6ac23ab,d41dc2f2979f52d75d78714b378d4068,2
d41dc2f2979f52d75d78714b378d4068,880be32f4db1d9f6e2bec38fb6ac23ab,2
1f9799a175f50c9fa725984775cac5c5,13944d17b257432717fd260e69853140,2
13944d17b257432717fd260e69853140,1f9799a175f50c9fa725984775cac5c5,2
18692fdc7adb29c885d8cb84eb68a97e,84bc1370758fa98d08afd0180818217a,2
84bc1370758fa98d08afd0180818217a,18692fdc7adb29c885d8cb84eb68a97e,2
078e8db43688ea060cf754e7bd2b92e7,96d1c06692244e2fed6e1f9aa9552770,2
96d1c06692244e2fed6e1f9aa9552770,078e8db43688ea060cf754e7bd2b92e7,2
a8eed0daf7e2db5e074d2d4f65046946,a8f6fefd2f6ad22952337438aa1bfce5,2
a8f6fefd2f6ad22952337438aa1bfce5,a8eed0daf7e2db5e074d2d4f65046946,2
f4f67ccaece962d013a4e1d7dc3a61f7,4fcb3d9a5f4871e8362dfedbdb02b064,6
4fcb3d9a5f4871e8362dfedbdb02b064,f4f67ccaece962d013a4e1d7dc3a61f7,6
f6cdf7aae7f5fb3d67142d5f385ae785,eeea79ffac4403df6e6a7d9522a0ac89,2
eeea79ffac4403df6e6a7d9522a0ac89,f6cdf7aae7f5fb3d67142d5f385ae785,2
93dd9d8291fad4757cf910f1a80eb0ac,1aa2ed670a95e9f475723707a7c3f386,2
1aa2ed670a95e9f475723707a7c3f386,93dd9d8291fad4757cf910f1a80eb0ac,2
306599a052830af3cfebe42ee7a79dde,4b96786612ebe7463132fce2c4dca136,2
4b96786612ebe7463132fce2c4dca136,306599a052830af3cfebe42ee7a79dde,2
08574b074924071f4e201e151b152b4e,98a8c2fa16d7239c606640f5555768e4,2
98a8c2fa16d7239c606640f5555768e4,08574b074924071f4e201e151b152b4e,2
8b51c6ccc9c0548c951214e1cd1547ff,5bd7e57735a44e529bf066fee83a9c60,2
5bd7e57735a44e529bf066fee83a9c60,8b51c6ccc9c0548c951214e1cd1547ff,2
8b51c6ccc9c0548c951214e1cd1547ff,af680b3406a3179e4a4c2051c5384cfd,2
af680b3406a3179e4a4c2051c5384cfd,8b51c6ccc9c0548c951214e1cd1547ff,2
8b51c6ccc9c0548c951214e1cd1547ff,f35013cb05a9538a4428fa6161b2c96b,2
f35013cb05a9538a4428fa6161b2c96b,8b51c6ccc9c0548c951214e1cd1547ff,2
5bd7e57735a44e529bf066fee83a9c60,af680b3406a3179e4a4c2051c5384cfd,2
af680b3406a3179e4a4c2051c5384cfd,5bd7e57735a44e529bf066fee83a9c60,2
5bd7e57735a44e529bf066fee83a9c60,f35013cb05a9538a4428fa6161b2c96b,2
f35013cb05a9538a4428fa6161b2c96b,5bd7e57735a44e529bf066fee83a9c60,2
af680b3406a3179e4a4c2051c5384cfd,f35013cb05a9538a4428fa6161b2c96b,2
f35013cb05a9538a4428fa6161b2c96b,af680b3406a3179e4a4c2051c5384cfd,2
781afe929e3016a667f5f439afd55fce,1c8c80454d9a8829112d5be9fe885fab,2
1c8c80454d9a8829112d5be9fe885fab,781afe929e3016a667f5f439afd55fce,2
0152f69b6cf919bcdaf117aa8c43e5a2,cce679660c66e6fbd5c8091dfd29e9cd,2
cce679660c66e6fbd5c8091dfd29e9cd,0152f69b6cf919bcdaf117aa8c43e5a2,2
67fcc72a4cfd0ac826c0158ce5c98ae6,197f7d1d3a8b0bf0c8f0394ff71b574b,2
197f7d1d3a8b0bf0c8f0394ff71b574b,67fcc72a4cfd0ac826c0158ce5c98ae6,2
df2d06c915846282d43217da4911c122,6baa004ae73ded1fcdf0e1f153bddf20,2
6baa004ae73ded1fcdf0e1f153bddf20,df2d06c915846282d43217da4911c122,2
88c20c5a22f2ca169af8cfc2df00a7a2,3625fbaf8284047185fb0351f2f84ae3,2
3625fbaf8284047185fb0351f2f84ae3,88c20c5a22f2ca169af8cfc2df00a7a2,2
88c20c5a22f2ca169af8cfc2df00a7a2,2174a02a3c42e648e408c9b3505c54d3,2
2174a02a3c42e648e408c9b3505c54d3,88c20c5a22f2ca169af8cfc2df00a7a2,2
3625fbaf8284047185fb0351f2f84ae3,2174a02a3c42e648e408c9b3505c54d3,2
2174a02a3c42e648e408c9b3505c54d3,3625fbaf8284047185fb0351f2f84ae3,2
cd3ec6ebbc74e6070297d45ca9dd62e9,671ac7a60d975bd4ca2d7f7c77070210,2
671ac7a60d975bd4ca2d7f7c77070210,cd3ec6ebbc74e6070297d45ca9dd62e9,2
2187a2f05e362364c24d44feaeb40243,1ac09f60f3c3bc2021c637ef23fa3248,2
1ac09f60f3c3bc2021c637ef23fa3248,2187a2f05e362364c24d44feaeb40243,2
2187a2f05e362364c24d44feaeb40243,ead6d52e3dc075669af5d7a1958b0f07,2
ead6d52e3dc075669af5d7a1958b0f07,2187a2f05e362364c24d44feaeb40243,2
1ac09f60f3c3bc2021c637ef23fa3248,ead6d52e3dc075669af5d7a1958b0f07,2
ead6d52e3dc075669af5d7a1958b0f07,1ac09f60f3c3bc2021c637ef23fa3248,2
b9311d581f5f341576a5a2892168355c,e56f102e763165e7e32d0f9955f8ee4a,2
e56f102e763165e7e32d0f9955f8ee4a,b9311d581f5f341576a5a2892168355c,2
e8726dba146280f6ac62eddbf22d71b0,ff7263dfb3cfff5421ada48c3899c313,2
ff7263dfb3cfff5421ada48c3899c313,e8726dba146280f6ac62eddbf22d71b0,2
d54a7e69c3102b38b13952aeae0bc8f3,7e441b33f896ba519d58063f4c714bef,2
7e441b33f896ba519d58063f4c714bef,d54a7e69c3102b38b13952aeae0bc8f3,2
d54a7e69c3102b38b13952aeae0bc8f3,b6f9abef16fdfec89e4f3675f6627dca,2
b6f9abef16fdfec89e4f3675f6627dca,d54a7e69c3102b38b13952aeae0bc8f3,2
d54a7e69c3102b38b13952aeae0bc8f3,1f1354b0aa934e7ad75546467a6d028b,2
1f1354b0aa934e7ad75546467a6d028b,d54a7e69c3102b38b13952aeae0bc8f3,2
d54a7e69c3102b38b13952aeae0bc8f3,0e92dcf7b03df1de4e9349af065f8e63,2
0e92dcf7b03df1de4e9349af065f8e63,d54a7e69c3102b38b13952aeae0bc8f3,2
d54a7e69c3102b38b13952aeae0bc8f3,67f9d01bcd84e2229ba6f8a75b635b40,2
67f9d01bcd84e2229ba6f8a75b635b40,d54a7e69c3102b38b13952aeae0bc8f3,2
7e441b33f896ba519d58063f4c714bef,b6f9abef16fdfec89e4f3675f6627dca,2
b6f9abef16fdfec89e4f3675f6627dca,7e441b33f896ba519d58063f4c714bef,2
7e441b33f896ba519d58063f4c714bef,1f1354b0aa934e7ad75546467a6d028b,2
1f1354b0aa934e7ad75546467a6d028b,7e441b33f896ba519d58063f4c714bef,2
7e441b33f896ba519d58063f4c714bef,0e92dcf7b03df1de4e9349af065f8e63,2
0e92dcf7b03df1de4e9349af065f8e63,7e441b33f896ba519d58063f4c714bef,2
7e441b33f896ba519d58063f4c714bef,67f9d01bcd84e2229ba6f8a75b635b40,2
67f9d01bcd84e2229ba6f8a75b635b40,7e441b33f896ba519d58063f4c714bef,2
b6f9abef16fdfec89e4f3675f6627dca,1f1354b0aa934e7ad75546467a6d028b,2
1f1354b0aa934e7ad75546467a6d028b,b6f9abef16fdfec89e4f3675f6627dca,2
b6f9abef16fdfec89e4f3675f6627dca,0e92dcf7b03df1de4e9349af065f8e63,2
0e92dcf7b03df1de4e9349af065f8e63,b6f9abef16fdfec89e4f3675f6627dca,2
b6f9abef16fdfec89e4f3675f6627dca,67f9d01bcd84e2229ba6f8a75b635b40,2
67f9d01bcd84e2229ba6f8a75b635b40,b6f9abef16fdfec89e4f3675f6627dca,2
1f1354b0aa934e7ad75546467a6d028b,0e92dcf7b03df1de4e9349af065f8e63,2
0e92dcf7b03df1de4e9349af065f8e63,1f1354b0aa934e7ad75546467a6d028b,2
1f1354b0aa934e7ad75546467a6d028b,67f9d01bcd84e2229ba6f8a75b635b40,2
67f9d01bcd84e2229ba6f8a75b635b40,1f1354b0aa934e7ad75546467a6d028b,2
0e92dcf7b03df1de4e9349af065f8e63,67f9d01bcd84e2229ba6f8a75b635b40,2
67f9d01bcd84e2229ba6f8a75b635b40,0e92dcf7b03df1de4e9349af065f8e63,2
188d0b148e6d1c86faffe0d73c3f2dad,a0b7d5a992ccda646f2d34e418fff5a0,2
a0b7d5a992ccda646f2d34e418fff5a0,188d0b148e6d1c86faffe0d73c3f2dad,2
18796df281656da4036dd926561a6030,5f94420195fe54db4e88348ee7a0f2f2,2
5f94420195fe54db4e88348ee7a0f2f2,18796df281656da4036dd926561a6030,2
a79c0d179a6de79b23a81b64b3980c04,5bf57bdef224b9486b45ebba37ec6191,2
5bf57bdef224b9486b45ebba37ec6191,a79c0d179a6de79b23a81b64b3980c04,2
82cff05560eae73466f8778690b037fa,91472a5abca63bed91ade04c71c203ce,2
91472a5abca63bed91ade04c71c203ce,82cff05560eae73466f8778690b037fa,2
82cff05560eae73466f8778690b037fa,d9e7d13814ea50f9ae1f612ef6b3a1f1,2
d9e7d13814ea50f9ae1f612ef6b3a1f1,82cff05560eae73466f8778690b037fa,2
91472a5abca63bed91ade04c71c203ce,d9e7d13814ea50f9ae1f612ef6b3a1f1,2
d9e7d13814ea50f9ae1f612ef6b3a1f1,91472a5abca63bed91ade04c71c203ce,2
0a23fd10720c5ffc6c7f5e66b0b26ae2,99a4788cb24856965c36a24e339b6058,2
99a4788cb24856965c36a24e339b6058,0a23fd10720c5ffc6c7f5e66b0b26ae2,2
946344697156947d846d27fe0d503033,ad0a798e7941f3a5a2fb8139cb62ad78,4
ad0a798e7941f3a5a2fb8139cb62ad78,946344697156947d846d27fe0d503033,4
7f2b84e06353dbec6da66923271c98aa,6edaba24cba3dd6d13058f286c80915e,2
6edaba24cba3dd6d13058f286c80915e,7f2b84e06353dbec6da66923271c98aa,2
d2b0f9cd5e31ed47dbf92b157c0cda96,1b7b45fba5ad23e8117914f8b36e6772,2
1b7b45fba5ad23e8117914f8b36e6772,d2b0f9cd5e31ed47dbf92b157c0cda96,2
21ee06f7fd37a6fe4841865339411674,61509eaebb2d4bd1a7511b1a75703f8c,2
61509eaebb2d4bd1a7511b1a75703f8c,21ee06f7fd37a6fe4841865339411674,2
281a67fd770c975ee1a7c842468fb3b5,ef66e63137bdd1b2e44aa968646fc1e3,2
ef66e63137bdd1b2e44aa968646fc1e3,281a67fd770c975ee1a7c842468fb3b5,2
cd2ea14a901da3b47b33516f3ca6929e,806dadaa58bab7f4f6c0e7c1f334975e,2
806dadaa58bab7f4f6c0e7c1f334975e,cd2ea14a901da3b47b33516f3ca6929e,2
1d9faf066ad6f04ab65cdca8a7cdccec,252dc23ff7e1241d046a1c2c5041ffb5,2
252dc23ff7e1241d046a1c2c5041ffb5,1d9faf066ad6f04ab65cdca8a7cdccec,2
b0c8da302d49498d2ce6be8c631e4e20,385a33a408e9c35c9fbc2025c12f3784,2
385a33a408e9c35c9fbc2025c12f3784,b0c8da302d49498d2ce6be8c631e4e20,2
02a0c276d5a252215b48269dea73a6e7,2527d5ced6628c0e47d84293794bc208,2
2527d5ced6628c0e47d84293794bc208,02a0c276d5a252215b48269dea73a6e7,2
5b2b72f58d212a6e4733884ef0ece564,c686d4fd1e845efd1b98db8220f0af3b,2
c686d4fd1e845efd1b98db8220f0af3b,5b2b72f58d212a6e4733884ef0ece564,2
3f14d740544f37ece8a9e7bc8349797e,720ebc8cf4ff92f142d18b2cc3615ec3,2
720ebc8cf4ff92f142d18b2cc3615ec3,3f14d740544f37ece8a9e7bc8349797e,2
3f14d740544f37ece8a9e7bc8349797e,8e42c31b4ca1afbb6bbe17efdd666cf5,2
8e42c31b4ca1afbb6bbe17efdd666cf5,3f14d740544f37ece8a9e7bc8349797e,2
720ebc8cf4ff92f142d18b2cc3615ec3,8e42c31b4ca1afbb6bbe17efdd666cf5,2
8e42c31b4ca1afbb6bbe17efdd666cf5,720ebc8cf4ff92f142d18b2cc3615ec3,2
a511bdae1b7671858cdc3398cd601ab1,e3f7b3cbb0ccf1f1e361e6974b22e346,2
e3f7b3cbb0ccf1f1e361e6974b22e346,a511bdae1b7671858cdc3398cd601ab1,2
3f37f32e535d54ae9b3c1cf62aa76c43,b3e40ff639c185b9d726b4b19c17e6cd,2
b3e40ff639c185b9d726b4b19c17e6cd,3f37f32e535d54ae9b3c1cf62aa76c43,2
d2f5484cbffe4ca766301b21ab9246dd,3ab4b1931a4bb6cbef302ea76254e850,2
3ab4b1931a4bb6cbef302ea76254e850,d2f5484cbffe4ca766301b21ab9246dd,2
33edceeb3ecaca6ed4cdaf8085a21b3d,f4c3e41f8c0ac64d1be09e1b92327ac0,2
f4c3e41f8c0ac64d1be09e1b92327ac0,33edceeb3ecaca6ed4cdaf8085a21b3d,2
d1b8f5983d9573c8e523b8c56a59497d,8681c71d24e694aaa4c582760736dd00,2
8681c71d24e694aaa4c582760736dd00,d1b8f5983d9573c8e523b8c56a59497d,2
a9c07eb189dfb45ac5652b6a82f7b008,9b37a918bcf2c8e1064e867cf1df4637,2
9b37a918bcf2c8e1064e867cf1df4637,a9c07eb189dfb45ac5652b6a82f7b008,2
99a4788cb24856965c36a24e339b6058,3ab181ea2f9cc4be74bad27ef8a03492,2
3ab181ea2f9cc4be74bad27ef8a03492,99a4788cb24856965c36a24e339b6058,2
8378dd5a08699f8c95ea6f6c147d4e83,609c35bf8122d5ab8186ed7a6bfcd843,2
609c35bf8122d5ab8186ed7a6bfcd843,8378dd5a08699f8c95ea6f6c147d4e83,2
ff2c1ec09b1bb340e84f0d6b21cc7dbb,b0c89945c034268074f5f80b362bda34,2
b0c89945c034268074f5f80b362bda34,ff2c1ec09b1bb340e84f0d6b21cc7dbb,2
2ff995aead9c63a1f37a07b3664ead37,53a72a0b6feec4a5cb40c5c79374b471,2
53a72a0b6feec4a5cb40c5c79374b471,2ff995aead9c63a1f37a07b3664ead37,2
656e0eca68dcecf6a31b8ececfabe3e8,e59dd207c69d86e890febadc796d1078,2
e59dd207c69d86e890febadc796d1078,656e0eca68dcecf6a31b8ececfabe3e8,2
b1f32fc9713cf8c0813fff7c9c8262b2,c4f892b889113bc53371317bd975a168,2
c4f892b889113bc53371317bd975a168,b1f32fc9713cf8c0813fff7c9c8262b2,2
06ad93d66e91d09df5ce746906d9658b,db1e6fed56643b852af3132d255d9ddc,2
db1e6fed56643b852af3132d255d9ddc,06ad93d66e91d09df5ce746906d9658b,2
36f60d45225e60c7da4558b070ce4b60,e53e557d5a159f5aa2c5e995dfdf244b,6
e53e557d5a159f5aa2c5e995dfdf244b,36f60d45225e60c7da4558b070ce4b60,6
1fc6e1729d564ec77eeeb9df95fca74f,473ecd4c15ecda05e4044ef14f1f4c2e,2
473ecd4c15ecda05e4044ef14f1f4c2e,1fc6e1729d564ec77eeeb9df95fca74f,2
b09790edda54333116f9cf1decc580a1,422b4786464320e3645a7e018ba60d8e,2
422b4786464320e3645a7e018ba60d8e,b09790edda54333116f9cf1decc580a1,2
b09790edda54333116f9cf1decc580a1,2647221a6a477afe2d0268b378f1fdcd,2
2647221a6a477afe2d0268b378f1fdcd,b09790edda54333116f9cf1decc580a1,2
422b4786464320e3645a7e018ba60d8e,2647221a6a477afe2d0268b378f1fdcd,2
2647221a6a477afe2d0268b378f1fdcd,422b4786464320e3645a7e018ba60d8e,2
4d0ec1e9b95fb62f9a1fbe21808bf3b1,cad2db5e318d7283a234c517b2f28a42,2
cad2db5e318d7283a234c517b2f28a42,4d0ec1e9b95fb62f9a1fbe21808bf3b1,2
d8fc369e0b2d17b856119ff03276f198,8b27cbcf8e5472830ab6ec2bd7a6b867,2
8b27cbcf8e5472830ab6ec2bd7a6b867,d8fc369e0b2d17b856119ff03276f198,2
517dd1c1cda3892f83d386dcf9a4e9b7,b6e47cacea0b2e89b721529d6d8683e7,2
b6e47cacea0b2e89b721529d6d8683e7,517dd1c1cda3892f83d386dcf9a4e9b7,2
389d119b48cf3043d311335e499d9c6b,0bcc3eeca39e1064258aa1e932269894,2
0bcc3eeca39e1064258aa1e932269894,389d119b48cf3043d311335e499d9c6b,2
389d119b48cf3043d311335e499d9c6b,774e21c631ca26cba7b5606bdca7460f,2
774e21c631ca26cba7b5606bdca7460f,389d119b48cf3043d311335e499d9c6b,2
0bcc3eeca39e1064258aa1e932269894,774e21c631ca26cba7b5606bdca7460f,2
774e21c631ca26cba7b5606bdca7460f,0bcc3eeca39e1064258aa1e932269894,2
4910917f05092f331bf3a477f791cc01,e8c6039a25765995ac7c1ec2cbef5765,2
e8c6039a25765995ac7c1ec2cbef5765,4910917f05092f331bf3a477f791cc01,2
438b5ad4eda7949fae4a4b834a69bcd6,b66270a5d5b3a8585f8314b2f14420fb,2
b66270a5d5b3a8585f8314b2f14420fb,438b5ad4eda7949fae4a4b834a69bcd6,2
ca165220cdeb3367ea870193baf4a7cd,4ba237d0c64f22e4d22ec19af9cfd1f4,2
4ba237d0c64f22e4d22ec19af9cfd1f4,ca165220cdeb3367ea870193baf4a7cd,2
35afc973633aaeb6b877ff57b2793310,99a4788cb24856965c36a24e339b6058,4
99a4788cb24856965c36a24e339b6058,35afc973633aaeb6b877ff57b2793310,4
1ba4e3fe92f16fd5a8942f7b7d804b52,e11092e9722d1b6f8c18cd8947a1daff,2
e11092e9722d1b6f8c18cd8947a1daff,1ba4e3fe92f16fd5a8942f7b7d804b52,2
1ba4e3fe92f16fd5a8942f7b7d804b52,b6ada73818651fe7e64be10653062ea2,2
b6ada73818651fe7e64be10653062ea2,1ba4e3fe92f16fd5a8942f7b7d804b52,2
1ba4e3fe92f16fd5a8942f7b7d804b52,bf44071ef18f5c9ded039681c68b1996,2
bf44071ef18f5c9ded039681c68b1996,1ba4e3fe92f16fd5a8942f7b7d804b52,2
e11092e9722d1b6f8c18cd8947a1daff,b6ada73818651fe7e64be10653062ea2,2
b6ada73818651fe7e64be10653062ea2,e11092e9722d1b6f8c18cd8947a1daff,2
e11092e9722d1b6f8c18cd8947a1daff,bf44071ef18f5c9ded039681c68b1996,2
bf44071ef18f5c9ded039681c68b1996,e11092e9722d1b6f8c18cd8947a1daff,2
b6ada73818651fe7e64be10653062ea2,bf44071ef18f5c9ded039681c68b1996,2
bf44071ef18f5c9ded039681c68b1996,b6ada73818651fe7e64be10653062ea2,2
4d0ec1e9b95fb62f9a1fbe21808bf3b1,2e281b1a8143fa9ed84694fe44d66b3d,2
2e281b1a8143fa9ed84694fe44d66b3d,4d0ec1e9b95fb62f9a1fbe21808bf3b1,2
fc1d8637c0268af3db482c14b7ef8e75,51ce083cd2b9078656a94655ab45b8a4,2
51ce083cd2b9078656a94655ab45b8a4,fc1d8637c0268af3db482c14b7ef8e75,2
8d2acb5eb701be18bccec69a070fd23d,1dc7685f4fdb9622d84ae2ec658d5bbf,2
1dc7685f4fdb9622d84ae2ec658d5bbf,8d2acb5eb701be18bccec69a070fd23d,2
01ff1ff8aa5dec93e9938b989393a4ca,faa36d27544b2b05c79f3d8c801d5dbd,2
faa36d27544b2b05c79f3d8c801d5dbd,01ff1ff8aa5dec93e9938b989393a4ca,2
c708ba7c6269161f89ce0683cdd7c432,2f317a0a64c7ddcf9677e60016354d0c,2
2f317a0a64c7ddcf9677e60016354d0c,c708ba7c6269161f89ce0683cdd7c432,2
3a8b4f569449a1671e0d172023030113,09d16c9d49e1616a733d22e77507d91d,2
09d16c9d49e1616a733d22e77507d91d,3a8b4f569449a1671e0d172023030113,2
42697582a754e573f9e3e9e78752252c,0aa186c65b07e61f5ac114182ab92a2b,2
0aa186c65b07e61f5ac114182ab92a2b,42697582a754e573f9e3e9e78752252c,2
d1c427060a0f73f6b889a5c7c61f2ac4,2b939dc9b176d7fa21594d588815d4a4,2
2b939dc9b176d7fa21594d588815d4a4,d1c427060a0f73f6b889a5c7c61f2ac4,2
d3e2c403fa58493ea2d48ec1fd356ca5,2bd11da9314c88bf55df5a07251442e4,2
2bd11da9314c88bf55df5a07251442e4,d3e2c403fa58493ea2d48ec1fd356ca5,2
d3e2c403fa58493ea2d48ec1fd356ca5,e745ef0b16caf129dfc0f4979c347619,2
e745ef0b16caf129dfc0f4979c347619,d3e2c403fa58493ea2d48ec1fd356ca5,2
2bd11da9314c88bf55df5a07251442e4,e745ef0b16caf129dfc0f4979c347619,2
e745ef0b16caf129dfc0f4979c347619,2bd11da9314c88bf55df5a07251442e4,2
96f8ecb5e5705b3b726d7e3022622575,368c6c730842d78016ad823897a372db,2
368c6c730842d78016ad823897a372db,96f8ecb5e5705b3b726d7e3022622575,2
06a7a571bc9fbb103a9c2eb90f89432c,3e7ec3672e5549ba74cf635752bfc70b,2
3e7ec3672e5549ba74cf635752bfc70b,06a7a571bc9fbb103a9c2eb90f89432c,2
c3cdb28ed53f4ec5d9afe32753961641,14081f2d6a3ce46cfa9d852c9b1b92ba,2
14081f2d6a3ce46cfa9d852c9b1b92ba,c3cdb28ed53f4ec5d9afe32753961641,2
5dae498eff2d80057f56122235a36aff,90887320b08d184abea26df9426a01e9,2
90887320b08d184abea26df9426a01e9,5dae498eff2d80057f56122235a36aff,2
c6bf8cc852eee5c4ab264e792a9c23a1,d980d3018343b03db51c3076eadd6f83,2
d980d3018343b03db51c3076eadd6f83,c6bf8cc852eee5c4ab264e792a9c23a1,2
648b8a8c89e77c27e1e894e857667f6c,c80525a7dab2df6000ca88a2e7197323,2
c80525a7dab2df6000ca88a2e7197323,648b8a8c89e77c27e1e894e857667f6c,2
173c4cd072bd13160331cc0f5b3ce0c2,70b1659e9e180610c8a5fd5753c85b80,2
70b1659e9e180610c8a5fd5753c85b80,173c4cd072bd13160331cc0f5b3ce0c2,2
b5661cf46c147805adc83695fb04f487,a0498bf8b8ff0c35a6b8c736a71526ab,2
a0498bf8b8ff0c35a6b8c736a71526ab,b5661cf46c147805adc83695fb04f487,2
b5661cf46c147805adc83695fb04f487,1c27515baa5bece76d41e2353efcdd8e,2
1c27515baa5bece76d41e2353efcdd8e,b5661cf46c147805adc83695fb04f487,2
a0498bf8b8ff0c35a6b8c736a71526ab,1c27515baa5bece76d41e2353efcdd8e,2
1c27515baa5bece76d41e2353efcdd8e,a0498bf8b8ff0c35a6b8c736a71526ab,2
82c56b8583385afa6570d84dfe063a0a,de3e45cf635ff24cd354d19687becb43,2
de3e45cf635ff24cd354d19687becb43,82c56b8583385afa6570d84dfe063a0a,2
3f14d740544f37ece8a9e7bc8349797e,f293514e0176006f3af40d473cf24a1e,2
f293514e0176006f3af40d473cf24a1e,3f14d740544f37ece8a9e7bc8349797e,2
0bcc3eeca39e1064258aa1e932269894,368c6c730842d78016ad823897a372db,2
368c6c730842d78016ad823897a372db,0bcc3eeca39e1064258aa1e932269894,2
6d2fde7d12bb6ff367dbda120ba8828e,fb29f48bfea41db52e349454f433340e,2
fb29f48bfea41db52e349454f433340e,6d2fde7d12bb6ff367dbda120ba8828e,2
604f77463358e12a3154c65cf2c5d3d5,81fe540cb0119e1d4ef5f191701b3cb9,2
81fe540cb0119e1d4ef5f191701b3cb9,604f77463358e12a3154c65cf2c5d3d5,2
ddb9028236525b8ab493fc24f99e8d1a,81b6c7c058add831803fcbba6dcc1df2,2
81b6c7c058add831803fcbba6dcc1df2,ddb9028236525b8ab493fc24f99e8d1a,2
ddb9028236525b8ab493fc24f99e8d1a,7d9f42ecf65ca91f7e28483c5008dc4b,2
7d9f42ecf65ca91f7e28483c5008dc4b,ddb9028236525b8ab493fc24f99e8d1a,2
81b6c7c058add831803fcbba6dcc1df2,7d9f42ecf65ca91f7e28483c5008dc4b,2
7d9f42ecf65ca91f7e28483c5008dc4b,81b6c7c058add831803fcbba6dcc1df2,2
c47d256557f7fa30144ecea5722eebc2,8c81ff84f8301d0db2fbfde90da0f5a5,2
8c81ff84f8301d0db2fbfde90da0f5a5,c47d256557f7fa30144ecea5722eebc2,2
2d15b61e2962412ec20c326895c4603a,37318ccebb2ced72bd1b548b55ab4e31,2
37318ccebb2ced72bd1b548b55ab4e31,2d15b61e2962412ec20c326895c4603a,2
2d15b61e2962412ec20c326895c4603a,f9bdcb274f479aa71dd34e8bccdd9a82,2
f9bdcb274f479aa71dd34e8bccdd9a82,2d15b61e2962412ec20c326895c4603a,2
37318ccebb2ced72bd1b548b55ab4e31,f9bdcb274f479aa71dd34e8bccdd9a82,2
f9bdcb274f479aa71dd34e8bccdd9a82,37318ccebb2ced72bd1b548b55ab4e31,2
0efaf4b155c6545bdc426ec0722cceaa,1d0e69d769465dd7bacc44f752215f10,2
1d0e69d769465dd7bacc44f752215f10,0efaf4b155c6545bdc426ec0722cceaa,2
dc82d7e8f99966cb4c641f7ea5590eaf,35bd74b6319ba18ae4f30d8b54144fd2,2
35bd74b6319ba18ae4f30d8b54144fd2,dc82d7e8f99966cb4c641f7ea5590eaf,2
cd3de1984e1a77b441e1b39b8e334330,8814a3da37fb9673a5ac06f82a2a00a9,2
8814a3da37fb9673a5ac06f82a2a00a9,cd3de1984e1a77b441e1b39b8e334330,2
7b66b19cf13720604859bcd8c48c0dab,e7890707ac0e4e190a74aa46c92e2c94,2
e7890707ac0e4e190a74aa46c92e2c94,7b66b19cf13720604859bcd8c48c0dab,2
bd2128c3d2188ccb151b12d129ee264a,8dc2f396f9c1b21665f94a5caa0ee791,2
8dc2f396f9c1b21665f94a5caa0ee791,bd2128c3d2188ccb151b12d129ee264a,2
cc2de3090e4e70b255499285f2d72735,96ee9343533c399d245845830908f073,2
96ee9343533c399d245845830908f073,cc2de3090e4e70b255499285f2d72735,2
cc2de3090e4e70b255499285f2d72735,d3350fee567b6f7149265243bc8cf282,2
d3350fee567b6f7149265243bc8cf282,cc2de3090e4e70b255499285f2d72735,2
96ee9343533c399d245845830908f073,d3350fee567b6f7149265243bc8cf282,2
d3350fee567b6f7149265243bc8cf282,96ee9343533c399d245845830908f073,2
a6b32d26b9f925954b1cd8339f664a6a,d51e0a7f437c0d14f560082ed007fd85,2
d51e0a7f437c0d14f560082ed007fd85,a6b32d26b9f925954b1cd8339f664a6a,2
4cd6ba4ea3112de8fc238307c4dc6307,0dfb3f08547a24999bb7ec4d025b7d7d,2
0dfb3f08547a24999bb7ec4d025b7d7d,4cd6ba4ea3112de8fc238307c4dc6307,2
1a14237ecc2fe3772b55c8d4e11ccb35,f6bd09259655a78e706a0caa947299db,2
f6bd09259655a78e706a0caa947299db,1a14237ecc2fe3772b55c8d4e11ccb35,2
389d119b48cf3043d311335e499d9c6b,422879e10f46682990de24d770e7f83d,3
422879e10f46682990de24d770e7f83d,389d119b48cf3043d311335e499d9c6b,3
dc52f0f5d3ec37a93eaf956cde4e5d2c,27d089865ecb267c190122ec1feddb8a,2
27d089865ecb267c190122ec1feddb8a,dc52f0f5d3ec37a93eaf956cde4e5d2c,2
9e2d3a8d8ffad53e2e35282a2020221c,a695ab8413ea83619cde9b18292d6aa1,2
a695ab8413ea83619cde9b18292d6aa1,9e2d3a8d8ffad53e2e35282a2020221c,2
ea43692dc9b918c387ae280bc382b406,2827075656967a213fe9f7484a7469f6,2
2827075656967a213fe9f7484a7469f6,ea43692dc9b918c387ae280bc382b406,2
37d6f8bf938208f8a2268dd49c2e7c45,f3bc8b0c346a5171a82585b880ba6f29,2
f3bc8b0c346a5171a82585b880ba6f29,37d6f8bf938208f8a2268dd49c2e7c45,2
c2a241928535e097a96aa157dfaa86b5,0615dcf981da53a5ca8777cd6a80361b,2
0615dcf981da53a5ca8777cd6a80361b,c2a241928535e097a96aa157dfaa86b5,2
f353779abb6114db5f8f79fbad12e375,44ae8d3edf5612ff7a39d629d5bbb8ae,2
44ae8d3edf5612ff7a39d629d5bbb8ae,f353779abb6114db5f8f79fbad12e375,2
21d2fdced5c69bfc6539b67908a4ad28,451482edc91f59c001a5a3a0e4d594bf,2
451482edc91f59c001a5a3a0e4d594bf,21d2fdced5c69bfc6539b67908a4ad28,2
21d2fdced5c69bfc6539b67908a4ad28,6962734c72522e70e852a2a77d21a730,2
6962734c72522e70e852a2a77d21a730,21d2fdced5c69bfc6539b67908a4ad28,2
451482edc91f59c001a5a3a0e4d594bf,6962734c72522e70e852a2a77d21a730,2
6962734c72522e70e852a2a77d21a730,451482edc91f59c001a5a3a0e4d594bf,2
ea0342e49437a3633a3a35c326aa1e46,ec7dad92a5f70cbc21297b16d7a2be96,2
ec7dad92a5f70cbc21297b16d7a2be96,ea0342e49437a3633a3a35c326aa1e46,2
b0961721fd839e9982420e807758a2a6,368c6c730842d78016ad823897a372db,2
368c6c730842d78016ad823897a372db,b0961721fd839e9982420e807758a2a6,2
d699f2079ed493d4c96bc4ce92838723,7f601afbca26d221fc2d957b6e211e72,2
7f601afbca26d221fc2d957b6e211e72,d699f2079ed493d4c96bc4ce92838723,2
a668879a637b097eb47536fdb31d3ce1,62177bb58dda374cc02e6cd2616996a1,2
62177bb58dda374cc02e6cd2616996a1,a668879a637b097eb47536fdb31d3ce1,2
afae80b31b9d25add3eebd704738958d,84e802ba3fc66fc964e863cadf8c7938,2
84e802ba3fc66fc964e863cadf8c7938,afae80b31b9d25add3eebd704738958d,2
57f2bc497c1a3ebe41ba7a06d78ed159,060f0122cdc8f25db4a0d7359fdae7b0,2
060f0122cdc8f25db4a0d7359fdae7b0,57f2bc497c1a3ebe41ba7a06d78ed159,2
aadff88486740e0b0ebe2be6c09476ae,0a4093a4af429dc0a9334300e5c13ae5,2
0a4093a4af429dc0a9334300e5c13ae5,aadff88486740e0b0ebe2be6c09476ae,2
8ed094bfe076c568f6bb10feada3f75d,fc831da5307b1a3e23ed0259a2b6b2a1,2
fc831da5307b1a3e23ed0259a2b6b2a1,8ed094bfe076c568f6bb10feada3f75d,2
8ed094bfe076c568f6bb10feada3f75d,f95d9369ebf76f811194c72bd22ff244,2
f95d9369ebf76f811194c72bd22ff244,8ed094bfe076c568f6bb10feada3f75d,2
fc831da5307b1a3e23ed0259a2b6b2a1,f95d9369ebf76f811194c72bd22ff244,2
f95d9369ebf76f811194c72bd22ff244,fc831da5307b1a3e23ed0259a2b6b2a1,2
d04bbac48960ecb7ea311b00ca6e1cb7,8246b1e9198f46fc3c05900f43568ba6,2
8246b1e9198f46fc3c05900f43568ba6,d04bbac48960ecb7ea311b00ca6e1cb7,2
9bb8ca338e5588c361e34eae02e8fad6,b8a0d73b2a06e7910d9864dccdb0cda2,2
b8a0d73b2a06e7910d9864dccdb0cda2,9bb8ca338e5588c361e34eae02e8fad6,2
8e4650bd2f4ffa24c882da51ba7b1a47,daa528ea6aa4a90c32c4a2ce98ee3a9e,2
daa528ea6aa4a90c32c4a2ce98ee3a9e,8e4650bd2f4ffa24c882da51ba7b1a47,2
e0cf79767c5b016251fe139915c59a26,0a9a9c25c5a06532d1766e00db833a7f,2
0a9a9c25c5a06532d1766e00db833a7f,e0cf79767c5b016251fe139915c59a26,2
fc5062f483f32b6e7d6e4a38c402d56c,f092eaa771e3dca0bfeca32b5c9d5669,2
f092eaa771e3dca0bfeca32b5c9d5669,fc5062f483f32b6e7d6e4a38c402d56c,2
6841fe26a65cdc7dad114a453ce638b3,e83ffc00431d0012a217cd47b42c78f1,2
e83ffc00431d0012a217cd47b42c78f1,6841fe26a65cdc7dad114a453ce638b3,2
5a883fb296ab66ac6a1e68e6ba2175c3,7d018f8e4f93213ba7ad276e25fe20b1,2
7d018f8e4f93213ba7ad276e25fe20b1,5a883fb296ab66ac6a1e68e6ba2175c3,2
c8a4ec6d4201d92e157eafb89eab932b,1332f9dadde087afb818a88c72db05f1,2
1332f9dadde087afb818a88c72db05f1,c8a4ec6d4201d92e157eafb89eab932b,2
efaf96097dbe32a78254739ee35900cb,b6eb2752e40bb6f33a3b608e78f5ffec,2
b6eb2752e40bb6f33a3b608e78f5ffec,efaf96097dbe32a78254739ee35900cb,2
71b157e39523e25558ed9cc1960c3fbd,02ed3b595447e948efc3eac897e4df0e,2
02ed3b595447e948efc3eac897e4df0e,71b157e39523e25558ed9cc1960c3fbd,2
09dafaa79c17733a900ce34c9a1f5be8,ec2d43cc59763ec91694573b31f1c29a,2
ec2d43cc59763ec91694573b31f1c29a,09dafaa79c17733a900ce34c9a1f5be8,2
1b73aaabcddf5be28fba09916e1ed907,e0cf79767c5b016251fe139915c59a26,2
e0cf79767c5b016251fe139915c59a26,1b73aaabcddf5be28fba09916e1ed907,2
10853770629fe365086f9522cb540549,24dd446745b812ef3347d7ae00f5541f,2
24dd446745b812ef3347d7ae00f5541f,10853770629fe365086f9522cb540549,2
8c5bf458020588e0dfeda011254eadbe,ef2fb3a493929907466587fecb5611e2,2
ef2fb3a493929907466587fecb5611e2,8c5bf458020588e0dfeda011254eadbe,2
d0b61bfb1de832b15ba9d266ca96e5b0,a4aa7c1427c31344e5f7cc3d839fe562,2
a4aa7c1427c31344e5f7cc3d839fe562,d0b61bfb1de832b15ba9d266ca96e5b0,2
f35013cb05a9538a4428fa6161b2c96b,5dcceb4689c06ac693117bc4296986ef,2
5dcceb4689c06ac693117bc4296986ef,f35013cb05a9538a4428fa6161b2c96b,2
6c81db10f914c4d032b14fa93aa0a818,57bdf3098169cccdb62221bd3e089cbd,2
57bdf3098169cccdb62221bd3e089cbd,6c81db10f914c4d032b14fa93aa0a818,2
414c53fa9c5cc4a0390682aeb2e25ec1,158102fe543dbaeb84d87811bfe06d0d,2
158102fe543dbaeb84d87811bfe06d0d,414c53fa9c5cc4a0390682aeb2e25ec1,2
d373a9b9079c251371e94cacf40c1fe7,c2ece64199af7a53793ed9612a89a8cd,2
c2ece64199af7a53793ed9612a89a8cd,d373a9b9079c251371e94cacf40c1fe7,2
688ad0169550f8e2eb0307b61df3ba12,703d742887bb9267f89b675608ba7aa0,2
703d742887bb9267f89b675608ba7aa0,688ad0169550f8e2eb0307b61df3ba12,2
8812d73b9937b5bd3648ff9d11f9c3fb,609b1b50202d276e56b2468006fa82aa,2
609b1b50202d276e56b2468006fa82aa,8812d73b9937b5bd3648ff9d11f9c3fb,2
c4baedd846ed09b85f78a781b522f126,d1c427060a0f73f6b889a5c7c61f2ac4,2
d1c427060a0f73f6b889a5c7c61f2ac4,c4baedd846ed09b85f78a781b522f126,2
8d4ff8de5e399964646ef5f4ee698076,589d0ec4c794dd688991c0f539f9e015,2
589d0ec4c794dd688991c0f539f9e015,8d4ff8de5e399964646ef5f4ee698076,2
af0a917aec9cea3b353ece61a8825326,9e572ff4654f7064419d97a891a8b0fc,2
9e572ff4654f7064419d97a891a8b0fc,af0a917aec9cea3b353ece61a8825326,2
19c3fb52d07985c61da89d4fb7f66cad,7c5eedf954659c8014c0671ba5e1b99b,2
7c5eedf954659c8014c0671ba5e1b99b,19c3fb52d07985c61da89d4fb7f66cad,2
19c3fb52d07985c61da89d4fb7f66cad,d64a5abc068bfa0e7e1b7ad7f64fe96c,2
d64a5abc068bfa0e7e1b7ad7f64fe96c,19c3fb52d07985c61da89d4fb7f66cad,2
7c5eedf954659c8014c0671ba5e1b99b,d64a5abc068bfa0e7e1b7ad7f64fe96c,2
d64a5abc068bfa0e7e1b7ad7f64fe96c,7c5eedf954659c8014c0671ba5e1b99b,2
cb61a9727a2f74ec0c80652f4d62e812,a237de12bdf0bfe4fe220bae65a89731,2
a237de12bdf0bfe4fe220bae65a89731,cb61a9727a2f74ec0c80652f4d62e812,2
3f14d740544f37ece8a9e7bc8349797e,36f60d45225e60c7da4558b070ce4b60,2
36f60d45225e60c7da4558b070ce4b60,3f14d740544f37ece8a9e7bc8349797e,2
728cfef9eca3d89054807d5c7e894e04,8d777214c45c704660310bdc5a2741ea,2
8d777214c45c704660310bdc5a2741ea,728cfef9eca3d89054807d5c7e894e04,2
728cfef9eca3d89054807d5c7e894e04,b89603272c5e7806893eb03712a0b937,2
b89603272c5e7806893eb03712a0b937,728cfef9eca3d89054807d5c7e894e04,2
728cfef9eca3d89054807d5c7e894e04,d92239d375e7626174b8545ea884b504,2
d92239d375e7626174b8545ea884b504,728cfef9eca3d89054807d5c7e894e04,2
8d777214c45c704660310bdc5a2741ea,b89603272c5e7806893eb03712a0b937,2
b89603272c5e7806893eb03712a0b937,8d777214c45c704660310bdc5a2741ea,2
8d777214c45c704660310bdc5a2741ea,d92239d375e7626174b8545ea884b504,2
d92239d375e7626174b8545ea884b504,8d777214c45c704660310bdc5a2741ea,2
b89603272c5e7806893eb03712a0b937,d92239d375e7626174b8545ea884b504,2
d92239d375e7626174b8545ea884b504,b89603272c5e7806893eb03712a0b937,2
642247ccf62585635cefa1bf09f59b94,8c7fe240bfde64b6a20eec6fdb986b1b,2
8c7fe240bfde64b6a20eec6fdb986b1b,642247ccf62585635cefa1bf09f59b94,2
642247ccf62585635cefa1bf09f59b94,4b7528d093f5acaec2a072366a4106bc,2
4b7528d093f5acaec2a072366a4106bc,642247ccf62585635cefa1bf09f59b94,2
8c7fe240bfde64b6a20eec6fdb986b1b,4b7528d093f5acaec2a072366a4106bc,2
4b7528d093f5acaec2a072366a4106bc,8c7fe240bfde64b6a20eec6fdb986b1b,2
ee188b2353254fc5117468bfab1e789f,11b906b2a09fb80668f4478dd3f9c324,2
11b906b2a09fb80668f4478dd3f9c324,ee188b2353254fc5117468bfab1e789f,2
ee188b2353254fc5117468bfab1e789f,bdfa3ba07ef80b018f8102da22d908d1,2
bdfa3ba07ef80b018f8102da22d908d1,ee188b2353254fc5117468bfab1e789f,2
11b906b2a09fb80668f4478dd3f9c324,bdfa3ba07ef80b018f8102da22d908d1,2
bdfa3ba07ef80b018f8102da22d908d1,11b906b2a09fb80668f4478dd3f9c324,2
dc52f0f5d3ec37a93eaf956cde4e5d2c,a92930c327948861c015c919a0bcb4a8,2
a92930c327948861c015c919a0bcb4a8,dc52f0f5d3ec37a93eaf956cde4e5d2c,2
aa70ae9ee9a798d44ae6e00ce6d82cb1,c589625c8ccc7bfd2e8f1fb041e24c4a,2
c589625c8ccc7bfd2e8f1fb041e24c4a,aa70ae9ee9a798d44ae6e00ce6d82cb1,2
85eed6b3f52d601d2a288e2668b888df,962fcda8dd2506e82cb237b3efb5ba5a,2
962fcda8dd2506e82cb237b3efb5ba5a,85eed6b3f52d601d2a288e2668b888df,2
a224196b0b605fdffac1d9224f052ceb,4f687412e6805c3cfc9e0c5ec2f841e0,2
4f687412e6805c3cfc9e0c5ec2f841e0,a224196b0b605fdffac1d9224f052ceb,2
36ba5561e351eef68d3554697132a9a8,53c61580d8e5c4941a358ee0335c1d5c,2
53c61580d8e5c4941a358ee0335c1d5c,36ba5561e351eef68d3554697132a9a8,2
d9e77a9aeffd10aa1a6f2d0ad00608ac,b3af6df8f36460eadc69ee2310a440d0,2
b3af6df8f36460eadc69ee2310a440d0,d9e77a9aeffd10aa1a6f2d0ad00608ac,2
01365901d8f2247976a7e5d4c98c52c0,7dac8901a50cf3317d5372cbd3186ecd,2
7dac8901a50cf3317d5372cbd3186ecd,01365901d8f2247976a7e5d4c98c52c0,2
01365901d8f2247976a7e5d4c98c52c0,2cbc1ae9dc8c4d81b096db0ee01ae0e6,2
2cbc1ae9dc8c4d81b096db0ee01ae0e6,01365901d8f2247976a7e5d4c98c52c0,2
7dac8901a50cf3317d5372cbd3186ecd,2cbc1ae9dc8c4d81b096db0ee01ae0e6,2
2cbc1ae9dc8c4d81b096db0ee01ae0e6,7dac8901a50cf3317d5372cbd3186ecd,2
186fe07c8b8005ec6a498587ffbc1352,0bdd9a52d192d64770e33ae559512478,2
0bdd9a52d192d64770e33ae559512478,186fe07c8b8005ec6a498587ffbc1352,2
378bb6601c068c842ca65be6c5e45ccd,99a4788cb24856965c36a24e339b6058,2
99a4788cb24856965c36a24e339b6058,378bb6601c068c842ca65be6c5e45ccd,2
b0c89945c034268074f5f80b362bda34,946344697156947d846d27fe0d503033,2
946344697156947d846d27fe0d503033,b0c89945c034268074f5f80b362bda34,2
b0c89945c034268074f5f80b362bda34,ad0a798e7941f3a5a2fb8139cb62ad78,2
ad0a798e7941f3a5a2fb8139cb62ad78,b0c89945c034268074f5f80b362bda34,2
d296d7996d75ec35fcfc75b3a06cae63,03e931f387c2dd5b006aecdb12515b2e,2
03e931f387c2dd5b006aecdb12515b2e,d296d7996d75ec35fcfc75b3a06cae63,2
f97a136cf6e5f5d9333b513afc8b153e,10aecaf5be4119fd6b8b9e2e8a5a1454,2
10aecaf5be4119fd6b8b9e2e8a5a1454,f97a136cf6e5f5d9333b513afc8b153e,2
fb55982be901439613a95940feefd9ee,6bd248f93425ceeb625a8a97e2404112,2
6bd248f93425ceeb625a8a97e2404112,fb55982be901439613a95940feefd9ee,2
309418595516e14bc2e98487ee4267d1,084b2ab1a0a79a9757008062ddf8b042,2
084b2ab1a0a79a9757008062ddf8b042,309418595516e14bc2e98487ee4267d1,2
309418595516e14bc2e98487ee4267d1,137d0bf5250717a478bd7f9c74410bda,2
137d0bf5250717a478bd7f9c74410bda,309418595516e14bc2e98487ee4267d1,2
084b2ab1a0a79a9757008062ddf8b042,137d0bf5250717a478bd7f9c74410bda,2
137d0bf5250717a478bd7f9c74410bda,084b2ab1a0a79a9757008062ddf8b042,2
0a311a14cbefde1a7b83f0b7ed99c422,c1aae55ae7c285aa64e3f0ba1966dd44,2
c1aae55ae7c285aa64e3f0ba1966dd44,0a311a14cbefde1a7b83f0b7ed99c422,2
cf0d29a0ea1464f4c3e5594d0746c51b,57fcacc3434a1f2f2b039c1b4e61f5e1,2
57fcacc3434a1f2f2b039c1b4e61f5e1,cf0d29a0ea1464f4c3e5594d0746c51b,2
d2cd82700fc883c398ede93125dc1793,9f46622a1318d3fd0de27629a63e165d,2
9f46622a1318d3fd0de27629a63e165d,d2cd82700fc883c398ede93125dc1793,2
d2cd82700fc883c398ede93125dc1793,4beaa629c1622b0fc9471351db5ea62c,2
4beaa629c1622b0fc9471351db5ea62c,d2cd82700fc883c398ede93125dc1793,2
d2cd82700fc883c398ede93125dc1793,12ad279319eff927d9333b42f3382ff8,2
12ad279319eff927d9333b42f3382ff8,d2cd82700fc883c398ede93125dc1793,2
9f46622a1318d3fd0de27629a63e165d,4beaa629c1622b0fc9471351db5ea62c,2
4beaa629c1622b0fc9471351db5ea62c,9f46622a1318d3fd0de27629a63e165d,2
9f46622a1318d3fd0de27629a63e165d,12ad279319eff927d9333b42f3382ff8,2
12ad279319eff927d9333b42f3382ff8,9f46622a1318d3fd0de27629a63e165d,2
4beaa629c1622b0fc9471351db5ea62c,12ad279319eff927d9333b42f3382ff8,2
12ad279319eff927d9333b42f3382ff8,4beaa629c1622b0fc9471351db5ea62c,2
4efd402dce639aa129a7f15b17cc898b,1b125123580a802629427ebd924ff335,2
1b125123580a802629427ebd924ff335,4efd402dce639aa129a7f15b17cc898b,2
40cb7bb3d30559b9b6c4fb62bc837962,b74d57e3377dd78aace6d070fc48cc88,2
b74d57e3377dd78aace6d070fc48cc88,40cb7bb3d30559b9b6c4fb62bc837962,2
42874c3f68eae9f0408dc1027edcaa6f,d918b3f4aa5272c2c3cd088d087ca069,2
d918b3f4aa5272c2c3cd088d087ca069,42874c3f68eae9f0408dc1027edcaa6f,2
389d119b48cf3043d311335e499d9c6b,97759b2e2035fcd87986a43119b56c7d,2
97759b2e2035fcd87986a43119b56c7d,389d119b48cf3043d311335e499d9c6b,2
9251443819682703b07d22f78d20d603,242eb53ca3c0b52e275b6fd7ce8b0be7,2
242eb53ca3c0b52e275b6fd7ce8b0be7,9251443819682703b07d22f78d20d603,2
a7b9753ca5040193a1505f15c723c0e0,f087c706a59c175468a1a05c5d2305e5,2
f087c706a59c175468a1a05c5d2305e5,a7b9753ca5040193a1505f15c723c0e0,2
4d0ec1e9b95fb62f9a1fbe21808bf3b1,9ad75bd7267e5c724cb42c71ac56ca72,2
9ad75bd7267e5c724cb42c71ac56ca72,4d0ec1e9b95fb62f9a1fbe21808bf3b1,2
bd421826916d3e1d445cb860cea3c0fb,59d8034bb2a82cd5092e78d42148fa44,2
59d8034bb2a82cd5092e78d42148fa44,bd421826916d3e1d445cb860cea3c0fb,2
b0961721fd839e9982420e807758a2a6,a6ad77b15e566298a4e8ee2011ab1255,1
a6ad77b15e566298a4e8ee2011ab1255,b0961721fd839e9982420e807758a2a6,1
e64fc38d9e0040126742405519bdea19,864413ca56c2bcea359a213956a922c0,1
864413ca56c2bcea359a213956a922c0,e64fc38d9e0040126742405519bdea19,1
d22625c4bd160a54f96629f139153c74,9e164b4afdecc7c67fb9b6f12c104e21,1
9e164b4afdecc7c67fb9b6f12c104e21,d22625c4bd160a54f96629f139153c74,1
ec2d43cc59763ec91694573b31f1c29a,8d9d31dc8d8c05062987d883cefa98be,1
8d9d31dc8d8c05062987d883cefa98be,ec2d43cc59763ec91694573b31f1c29a,1
4aa6014eceb682077f9dc4bffebc05b0,bdb4be6ce2f7f2b5be0a16088028c7fc,1
bdb4be6ce2f7f2b5be0a16088028c7fc,4aa6014eceb682077f9dc4bffebc05b0,1
a06766fec51c96d4d0bce282906735eb,8feadd2febbe968ed4cd3cb73de662d2,1
8feadd2febbe968ed4cd3cb73de662d2,a06766fec51c96d4d0bce282906735eb,1
a8d2c5e8f29550a539f377d977f10a52,09b069a1846b0e666a398952c8ba1605,1
09b069a1846b0e666a398952c8ba1605,a8d2c5e8f29550a539f377d977f10a52,1
23601216d4de33d54c6801f27dc59357,52d7a7207b9646509bdc754fed3a0cef,1
52d7a7207b9646509bdc754fed3a0cef,23601216d4de33d54c6801f27dc59357,1
0e996644bf2835621ca00f6f86c4c521,3647983375e701c3f089068b5fc0cf98,1
3647983375e701c3f089068b5fc0cf98,0e996644bf2835621ca00f6f86c4c521,1
c38d96175ed7d2d5c3391317b77f8eb0,5fec075d001fba20a6bdeeb5d9b22dbe,1
5fec075d001fba20a6bdeeb5d9b22dbe,c38d96175ed7d2d5c3391317b77f8eb0,1
e71ce72b19b83080d97cf4f06c90d096,bb95985d24346356f988502bec69af0a,1
bb95985d24346356f988502bec69af0a,e71ce72b19b83080d97cf4f06c90d096,1
ba6c0daba35afe2ee11400da4ec7b3a4,0e1b67828c6d682c600b49872507d1ae,1
0e1b67828c6d682c600b49872507d1ae,ba6c0daba35afe2ee11400da4ec7b3a4,1
88fb259945a739dec6cdd001e2cbad55,a62e25e09e05e6faf31d90c6ec1aa3d1,1
a62e25e09e05e6faf31d90c6ec1aa3d1,88fb259945a739dec6cdd001e2cbad55,1
c69da983317ecee971f64fc8202c959a,0152f69b6cf919bcdaf117aa8c43e5a2,1
0152f69b6cf919bcdaf117aa8c43e5a2,c69da983317ecee971f64fc8202c959a,1
c69da983317ecee971f64fc8202c959a,b8762d562d810c2f8d7ad7e9c12957be,1
b8762d562d810c2f8d7ad7e9c12957be,c69da983317ecee971f64fc8202c959a,1
c69da983317ecee971f64fc8202c959a,cce679660c66e6fbd5c8091dfd29e9cd,1
cce679660c66e6fbd5c8091dfd29e9cd,c69da983317ecee971f64fc8202c959a,1
0152f69b6cf919bcdaf117aa8c43e5a2,b8762d562d810c2f8d7ad7e9c12957be,1
b8762d562d810c2f8d7ad7e9c12957be,0152f69b6cf919bcdaf117aa8c43e5a2,1
b8762d562d810c2f8d7ad7e9c12957be,cce679660c66e6fbd5c8091dfd29e9cd,1
cce679660c66e6fbd5c8091dfd29e9cd,b8762d562d810c2f8d7ad7e9c12957be,1
99a4788cb24856965c36a24e339b6058,283dc451ad3918badb976d56ff887289,1
283dc451ad3918badb976d56ff887289,99a4788cb24856965c36a24e339b6058,1
ebefb6072c2491dbd1d5ef8a76d245ec,c0f957a555a4963d82840e7ca9e06796,1
c0f957a555a4963d82840e7ca9e06796,ebefb6072c2491dbd1d5ef8a76d245ec,1
c8f6689f642d2ac60ff34490bb59fc9a,4aa6014eceb682077f9dc4bffebc05b0,1
4aa6014eceb682077f9dc4bffebc05b0,c8f6689f642d2ac60ff34490bb59fc9a,1
c045b19fdb30a3035c56d04c6fe2e622,18f6ea7e8cff29f8053baac6762449f9,1
18f6ea7e8cff29f8053baac6762449f9,c045b19fdb30a3035c56d04c6fe2e622,1
ea44caac707f7f1325182a538007f838,4eba76ab901d06e619d8d7ac69b3579a,1
4eba76ab901d06e619d8d7ac69b3579a,ea44caac707f7f1325182a538007f838,1
656bf6da1eeb7dd128b9b567eea3ca3e,368c6c730842d78016ad823897a372db,1
368c6c730842d78016ad823897a372db,656bf6da1eeb7dd128b9b567eea3ca3e,1
ad88641611c35ebd59ecda07a9f17099,0a783d7ce18a37749c3a059cf829564b,1
0a783d7ce18a37749c3a059cf829564b,ad88641611c35ebd59ecda07a9f17099,1
d02df257dbc6857326ebdb3ffc3d6848,f4f67ccaece962d013a4e1d7dc3a61f7,1
f4f67ccaece962d013a4e1d7dc3a61f7,d02df257dbc6857326ebdb3ffc3d6848,1
d02df257dbc6857326ebdb3ffc3d6848,364816efb241b3d0b682e6c2a752c005,1
364816efb241b3d0b682e6c2a752c005,d02df257dbc6857326ebdb3ffc3d6848,1
f4f67ccaece962d013a4e1d7dc3a61f7,364816efb241b3d0b682e6c2a752c005,1
364816efb241b3d0b682e6c2a752c005,f4f67ccaece962d013a4e1d7dc3a61f7,1
b77ae16cc8f67cd1c0ec781d5bf4da2b,83b00325c13c44245b2c3a2befa62a0e,1
83b00325c13c44245b2c3a2befa62a0e,b77ae16cc8f67cd1c0ec781d5bf4da2b,1
3eb3d83d082ce242d4eae1f57e62640d,3ae810052cf18d30232367f0b45e284c,1
3ae810052cf18d30232367f0b45e284c,3eb3d83d082ce242d4eae1f57e62640d,1
2b939dc9b176d7fa21594d588815d4a4,33a556a744bc9ea4e216c3990d352d03,1
33a556a744bc9ea4e216c3990d352d03,2b939dc9b176d7fa21594d588815d4a4,1
7b66b19cf13720604859bcd8c48c0dab,53759a2ecddad2bb87a079a1f1519f73,1
53759a2ecddad2bb87a079a1f1519f73,7b66b19cf13720604859bcd8c48c0dab,1
e7890707ac0e4e190a74aa46c92e2c94,53759a2ecddad2bb87a079a1f1519f73,1
53759a2ecddad2bb87a079a1f1519f73,e7890707ac0e4e190a74aa46c92e2c94,1
1c63d0a4d75df524d4605a43285925d7,7686fe49c98ae1c537b5cc51992f5d20,1
7686fe49c98ae1c537b5cc51992f5d20,1c63d0a4d75df524d4605a43285925d7,1
7c1bd920dbdf22470b68bde975dd3ccf,9c7bdf67b06b419aefb93cfdfc96c55d,1
9c7bdf67b06b419aefb93cfdfc96c55d,7c1bd920dbdf22470b68bde975dd3ccf,1
8d2acb5eb701be18bccec69a070fd23d,c2363f555558eefafc1fb2767571cc57,1
c2363f555558eefafc1fb2767571cc57,8d2acb5eb701be18bccec69a070fd23d,1
1dc7685f4fdb9622d84ae2ec658d5bbf,c2363f555558eefafc1fb2767571cc57,1
c2363f555558eefafc1fb2767571cc57,1dc7685f4fdb9622d84ae2ec658d5bbf,1
c50795b5c94dd185b2cee1d28a41d752,16f7c25c950c1c3f123fdc4a6cc390e0,1
16f7c25c950c1c3f123fdc4a6cc390e0,c50795b5c94dd185b2cee1d28a41d752,1
98b22c1129886cbd7fcae69d1c93e442,a04f52ded97b5530e8783e3c002b90f0,1
a04f52ded97b5530e8783e3c002b90f0,98b22c1129886cbd7fcae69d1c93e442,1
2b4609f8948be18874494203496bc318,154e7e31ebfa092203795c972e5804a6,1
154e7e31ebfa092203795c972e5804a6,2b4609f8948be18874494203496bc318,1
f9af3e675a59ac5c74736e8f6e501f6b,11875b30b49585209e608f40e8082e65,1
11875b30b49585209e608f40e8082e65,f9af3e675a59ac5c74736e8f6e501f6b,1
4e674f56be3a9b8c94fafaa44cbba42e,471494e1cf6517d6187de96db848eb29,1
471494e1cf6517d6187de96db848eb29,4e674f56be3a9b8c94fafaa44cbba42e,1
d9279101bd9bcdf95aa06a8081b24367,2fea0f2cec6b6324a277d4a61c2ed2c6,1
2fea0f2cec6b6324a277d4a61c2ed2c6,d9279101bd9bcdf95aa06a8081b24367,1
eaa3fffe22b0b5efe02db64ab9d3bf84,f8f6fd145cc00519283cf3100477b2b3,1
f8f6fd145cc00519283cf3100477b2b3,eaa3fffe22b0b5efe02db64ab9d3bf84,1
36f60d45225e60c7da4558b070ce4b60,9b0ad21bbd4384f9ebc28a688e1e81cd,1
9b0ad21bbd4384f9ebc28a688e1e81cd,36f60d45225e60c7da4558b070ce4b60,1
e53e557d5a159f5aa2c5e995dfdf244b,9b0ad21bbd4384f9ebc28a688e1e81cd,1
9b0ad21bbd4384f9ebc28a688e1e81cd,e53e557d5a159f5aa2c5e995dfdf244b,1
697b581688dd771021a47554cbff8f94,c09fe7511f6db515d3738a84225ae39d,1
c09fe7511f6db515d3738a84225ae39d,697b581688dd771021a47554cbff8f94,1
07883aa96515a898e1b9ddf0537a1b56,5a1a5bb0e9e3dbd18e6d8d3c326d3fed,1
5a1a5bb0e9e3dbd18e6d8d3c326d3fed,07883aa96515a898e1b9ddf0537a1b56,1
66867c4d80b358b6cd9fada5208ad1ed,23a8c3849cf3f25b1962e056d459deb7,1
23a8c3849cf3f25b1962e056d459deb7,66867c4d80b358b6cd9fada5208ad1ed,1
70c325280f670aee445babb3400cf804,5ac3db3f4250d6add6afca7518ea7ed9,1
5ac3db3f4250d6add6afca7518ea7ed9,70c325280f670aee445babb3400cf804,1
341510944cbf67a53d3ab835498921c1,7094fadc9773845c7d453e51b04289a8,1
7094fadc9773845c7d453e51b04289a8,341510944cbf67a53d3ab835498921c1,1
cdfbf89ab41de77f2bc60c0194c00d37,d37b48918cb999510be8ea3bfded4c94,1
d37b48918cb999510be8ea3bfded4c94,cdfbf89ab41de77f2bc60c0194c00d37,1
83bfae859f4a37b048a3abcecb17c506,6bd4c564d1f96b0db5d02d376b4daed6,1
6bd4c564d1f96b0db5d02d376b4daed6,83bfae859f4a37b048a3abcecb17c506,1
5da831182fe9ba6ab33ab17bbc5d16c7,a42d9c825894f96fc6ed02610891454d,1
a42d9c825894f96fc6ed02610891454d,5da831182fe9ba6ab33ab17bbc5d16c7,1
78afca59cc52394bc61491aa56f77d6e,75e8e3d9663c75fe4693bdf6d6b03ede,1
75e8e3d9663c75fe4693bdf6d6b03ede,78afca59cc52394bc61491aa56f77d6e,1
8d777214c45c704660310bdc5a2741ea,f7a17d2c51d9df89a4f1711c4ac17f33,1
f7a17d2c51d9df89a4f1711c4ac17f33,8d777214c45c704660310bdc5a2741ea,1
b89603272c5e7806893eb03712a0b937,f7a17d2c51d9df89a4f1711c4ac17f33,1
f7a17d2c51d9df89a4f1711c4ac17f33,b89603272c5e7806893eb03712a0b937,1
d92239d375e7626174b8545ea884b504,f7a17d2c51d9df89a4f1711c4ac17f33,1
f7a17d2c51d9df89a4f1711c4ac17f33,d92239d375e7626174b8545ea884b504,1
f7a17d2c51d9df89a4f1711c4ac17f33,728cfef9eca3d89054807d5c7e894e04,1
728cfef9eca3d89054807d5c7e894e04,f7a17d2c51d9df89a4f1711c4ac17f33,1
2ff995aead9c63a1f37a07b3664ead37,ef66e63137bdd1b2e44aa968646fc1e3,1
ef66e63137bdd1b2e44aa968646fc1e3,2ff995aead9c63a1f37a07b3664ead37,1
5a168adb8f812ea06dbbfaaa3bae7986,627dc84ce949186519dbddc2f58fbdfc,1
627dc84ce949186519dbddc2f58fbdfc,5a168adb8f812ea06dbbfaaa3bae7986,1
29fd9022374ff3fef2e8f82c39b4133e,06edb72f1e0c64b14c5b79353f7abea3,1
06edb72f1e0c64b14c5b79353f7abea3,29fd9022374ff3fef2e8f82c39b4133e,1
71a8dd5f6f9ce24bf348c2cc73f1b046,8e3eb37785e42b6b3721e459f1bfaaef,1
8e3eb37785e42b6b3721e459f1bfaaef,71a8dd5f6f9ce24bf348c2cc73f1b046,1
154e7e31ebfa092203795c972e5804a6,b1acb7e8152c90c9619897753a75c973,1
b1acb7e8152c90c9619897753a75c973,154e7e31ebfa092203795c972e5804a6,1
8fc31e1c7f966b5262cfcc89e159d9a7,8ccda06566781fb3616d798bfe2fa783,1
8ccda06566781fb3616d798bfe2fa783,8fc31e1c7f966b5262cfcc89e159d9a7,1
130482add9fd75ccb6c57ba007694a2d,826f5b971a308b08c7596b03ae80246f,1
826f5b971a308b08c7596b03ae80246f,130482add9fd75ccb6c57ba007694a2d,1
183c95ad186f48c320bbac4643829d3f,952e73f7e8bee61569a32b35c19bc981,1
952e73f7e8bee61569a32b35c19bc981,183c95ad186f48c320bbac4643829d3f,1
8f067bbefef28a44846f69f9727378f5,2b28903240e8ae0f0c45a14e769d9431,1
2b28903240e8ae0f0c45a14e769d9431,8f067bbefef28a44846f69f9727378f5,1
5e8b2f0b5ddd10cbaa498bc106065c2c,6047d1b3d3841a528e860a939daa2035,1
6047d1b3d3841a528e860a939daa2035,5e8b2f0b5ddd10cbaa498bc106065c2c,1
52c80cedd4e90108bf4fa6a206ef6b03,d1c427060a0f73f6b889a5c7c61f2ac4,1
d1c427060a0f73f6b889a5c7c61f2ac4,52c80cedd4e90108bf4fa6a206ef6b03,1
7aa09531577c4f30eaf1f6cbe61f6536,1ed390fc2e1df06251341c288d315eea,1
1ed390fc2e1df06251341c288d315eea,7aa09531577c4f30eaf1f6cbe61f6536,1
154e7e31ebfa092203795c972e5804a6,7c1bd920dbdf22470b68bde975dd3ccf,3
7c1bd920dbdf22470b68bde975dd3ccf,154e7e31ebfa092203795c972e5804a6,3
fad3ac91e2ae2e3e0e3f0bed36a565b8,b4b817e5f2c4efc8253b4b679c653847,1
b4b817e5f2c4efc8253b4b679c653847,fad3ac91e2ae2e3e0e3f0bed36a565b8,1
e8e3b26a966bdd1260fe48e92972f670,42a2c92a0979a949ca4ea89ec5c7b934,1
42a2c92a0979a949ca4ea89ec5c7b934,e8e3b26a966bdd1260fe48e92972f670,1
8370300e444c4394d3c3f878606a9601,89005f5c60b53829a9a617fe5e292221,1
89005f5c60b53829a9a617fe5e292221,8370300e444c4394d3c3f878606a9601,1
22544bc3cbb21d6fca8630805448ed93,ca230e32eccabf9d497e3776f6801f5f,1
ca230e32eccabf9d497e3776f6801f5f,22544bc3cbb21d6fca8630805448ed93,1
0d0f2c7fcae108a74c895521c62d46f6,0c40401eba358c9ef2ff2df80b6eab52,1
0c40401eba358c9ef2ff2df80b6eab52,0d0f2c7fcae108a74c895521c62d46f6,1
0d0f2c7fcae108a74c895521c62d46f6,7b5d8be0e04080e4c8ee6a7ec2f1f597,1
7b5d8be0e04080e4c8ee6a7ec2f1f597,0d0f2c7fcae108a74c895521c62d46f6,1
0c40401eba358c9ef2ff2df80b6eab52,7b5d8be0e04080e4c8ee6a7ec2f1f597,1
7b5d8be0e04080e4c8ee6a7ec2f1f597,0c40401eba358c9ef2ff2df80b6eab52,1
53efd9ce31847b93ddaad249b879b88c,f177b434709ecb652dbee4f4b19aef2f,1
f177b434709ecb652dbee4f4b19aef2f,53efd9ce31847b93ddaad249b879b88c,1
0e34187d4312b97b5e698836d28ed040,72172e982e8b92155069e4201c92c0bb,1
72172e982e8b92155069e4201c92c0bb,0e34187d4312b97b5e698836d28ed040,1
3fc3d637781e5d185455013606a6e2cd,832b74a0faa3b602a48e0f20990adaf7,1
832b74a0faa3b602a48e0f20990adaf7,3fc3d637781e5d185455013606a6e2cd,1
032c32a02f67b0fad495803ca810689e,a5f6ba3fe91a2e73f10b612131cb2404,1
a5f6ba3fe91a2e73f10b612131cb2404,032c32a02f67b0fad495803ca810689e,1
300469628605afcf5cc9759fb4cffc02,3c5fc4f6c055819eb7e2853e9fe08bb3,1
3c5fc4f6c055819eb7e2853e9fe08bb3,300469628605afcf5cc9759fb4cffc02,1
b1551ef44e04265b510840b991b24b51,6617dc0e4b4e8c383c5b34faaa2da4ca,1
6617dc0e4b4e8c383c5b34faaa2da4ca,b1551ef44e04265b510840b991b24b51,1
e4e9fa024c5f014419b395452a41987c,d64a5abc068bfa0e7e1b7ad7f64fe96c,1
d64a5abc068bfa0e7e1b7ad7f64fe96c,e4e9fa024c5f014419b395452a41987c,1
1b125123580a802629427ebd924ff335,283dc451ad3918badb976d56ff887289,1
283dc451ad3918badb976d56ff887289,1b125123580a802629427ebd924ff335,1
4efd402dce639aa129a7f15b17cc898b,283dc451ad3918badb976d56ff887289,1
283dc451ad3918badb976d56ff887289,4efd402dce639aa129a7f15b17cc898b,1
6f2d7833b8f0a094571ebddebdc6623a,b24af8bca8813bcde4140ff8562f5e47,1
b24af8bca8813bcde4140ff8562f5e47,6f2d7833b8f0a094571ebddebdc6623a,1
b59b5899ecf4bcc294a72fdd48adaa94,bf1ce2996ddec3052749c74b73b02b86,1
bf1ce2996ddec3052749c74b73b02b86,b59b5899ecf4bcc294a72fdd48adaa94,1
40534ea2efd1f3066025b854f1682021,7a585ae6a8f9d910486651811c79f6b8,1
7a585ae6a8f9d910486651811c79f6b8,40534ea2efd1f3066025b854f1682021,1
d1c427060a0f73f6b889a5c7c61f2ac4,9901b5cedc1eb8d69d16d4c3aa8c67d3,1
9901b5cedc1eb8d69d16d4c3aa8c67d3,d1c427060a0f73f6b889a5c7c61f2ac4,1
be0dbdc3d67d55727a65d4cd696ca73c,d8a77723111124b921fd73b3914e8cbb,1
d8a77723111124b921fd73b3914e8cbb,be0dbdc3d67d55727a65d4cd696ca73c,1
54c6e073a97ecff74a31e51d53c600ae,24908bd1bd10700a84f4fd551a3a52b4,1
24908bd1bd10700a84f4fd551a3a52b4,54c6e073a97ecff74a31e51d53c600ae,1
d99526b1e4fa5f57b8bde34a7337b5ee,cd48f265a63e13b762601f5f794c5fca,1
cd48f265a63e13b762601f5f794c5fca,d99526b1e4fa5f57b8bde34a7337b5ee,1
c60375672af95c47a105065af56ba16e,0bda4ee356bececb6ec0d7d010b673f1,1
0bda4ee356bececb6ec0d7d010b673f1,c60375672af95c47a105065af56ba16e,1
774ea72f37a7fbf1fb32b973a18f2348,6fdff9bb5aeb9f318970366654b3b0a6,1
6fdff9bb5aeb9f318970366654b3b0a6,774ea72f37a7fbf1fb32b973a18f2348,1
82cff05560eae73466f8778690b037fa,cc7d8d232e6f5f27b70be81b68e27d6e,1
cc7d8d232e6f5f27b70be81b68e27d6e,82cff05560eae73466f8778690b037fa,1
cc7d8d232e6f5f27b70be81b68e27d6e,91472a5abca63bed91ade04c71c203ce,1
91472a5abca63bed91ade04c71c203ce,cc7d8d232e6f5f27b70be81b68e27d6e,1
cc7d8d232e6f5f27b70be81b68e27d6e,d9e7d13814ea50f9ae1f612ef6b3a1f1,1
d9e7d13814ea50f9ae1f612ef6b3a1f1,cc7d8d232e6f5f27b70be81b68e27d6e,1
2fb9e46750ac55362f7b642f12b5835b,78819ab10b4a44927c832a21c06849e0,1
78819ab10b4a44927c832a21c06849e0,2fb9e46750ac55362f7b642f12b5835b,1
800f75019492a0d9ffb2483ae65b59f1,4d8de1d60513d0a0d3665dbde171be1c,1
4d8de1d60513d0a0d3665dbde171be1c,800f75019492a0d9ffb2483ae65b59f1,1
2c2b1db11f5ec66bbc6ca9d1ce3f81a4,8d98dedc3c19de17f1a090195e85d6b6,1
8d98dedc3c19de17f1a090195e85d6b6,2c2b1db11f5ec66bbc6ca9d1ce3f81a4,1
dd61e943598eec72351633dd6a72d5dc,80d702d8e2231e25bee9d145c2c86b6f,1
80d702d8e2231e25bee9d145c2c86b6f,dd61e943598eec72351633dd6a72d5dc,1
12abc33641a0d8f9b6ce13e8753f5749,b932cbe9be7a3e71d8fa7f1865797ff6,1
b932cbe9be7a3e71d8fa7f1865797ff6,12abc33641a0d8f9b6ce13e8753f5749,1
ff2b293ae4b3c204113bdec91e27a584,4c1e109ecdf58453de365d217cefa64c,1
4c1e109ecdf58453de365d217cefa64c,ff2b293ae4b3c204113bdec91e27a584,1
005030ef108f58b46b78116f754d8d38,51250f90d798d377a1928e8a4e2e9ae1,1
51250f90d798d377a1928e8a4e2e9ae1,005030ef108f58b46b78116f754d8d38,1
cdba44bccdafa757b44f7f41b70f4e23,fe0caf78250528cec991a2462326f574,1
fe0caf78250528cec991a2462326f574,cdba44bccdafa757b44f7f41b70f4e23,1
f1c7f353075ce59d8a6f3cf58f419c9c,0c80d4d910506b4e1db996ff1fa5c658,1
0c80d4d910506b4e1db996ff1fa5c658,f1c7f353075ce59d8a6f3cf58f419c9c,1
4f4dce53833f830c4cc6e1a307167d0c,3af4f5bb8b0616387fe23646fa94e256,1
3af4f5bb8b0616387fe23646fa94e256,4f4dce53833f830c4cc6e1a307167d0c,1
1935200f62df6baaeef37dca2f2a6435,68fd321167f27536e8c0b182d358f854,1
68fd321167f27536e8c0b182d358f854,1935200f62df6baaeef37dca2f2a6435,1
642247ccf62585635cefa1bf09f59b94,24a014458ccc6e989b4fcef5fa71da58,1
24a014458ccc6e989b4fcef5fa71da58,642247ccf62585635cefa1bf09f59b94,1
8c7fe240bfde64b6a20eec6fdb986b1b,24a014458ccc6e989b4fcef5fa71da58,1
24a014458ccc6e989b4fcef5fa71da58,8c7fe240bfde64b6a20eec6fdb986b1b,1
4b7528d093f5acaec2a072366a4106bc,24a014458ccc6e989b4fcef5fa71da58,1
24a014458ccc6e989b4fcef5fa71da58,4b7528d093f5acaec2a072366a4106bc,1
b92a7304ebad1ca5b393b53b2de5c70a,dc404a1496a08f9f5540c8b5d4b92925,1
dc404a1496a08f9f5540c8b5d4b92925,b92a7304ebad1ca5b393b53b2de5c70a,1
c3d5a66bdd6bd3a9c7b3b53a46adc4d7,72b1dd0754a71db3f7b7dd8f776cd84a,1
72b1dd0754a71db3f7b7dd8f776cd84a,c3d5a66bdd6bd3a9c7b3b53a46adc4d7,1
c2c503e76e239d461b3e92222f6b49c5,009c09f439988bc06a93d6b8186dce73,1
009c09f439988bc06a93d6b8186dce73,c2c503e76e239d461b3e92222f6b49c5,1
6c81db10f914c4d032b14fa93aa0a818,fcd525d5a642e0fe40613667da935322,1
fcd525d5a642e0fe40613667da935322,6c81db10f914c4d032b14fa93aa0a818,1
fcd525d5a642e0fe40613667da935322,57bdf3098169cccdb62221bd3e089cbd,1
57bdf3098169cccdb62221bd3e089cbd,fcd525d5a642e0fe40613667da935322,1
d332776387e352fbd83df0136cf05db1,7d1a667dbc183583078324f912d42c6b,1
7d1a667dbc183583078324f912d42c6b,d332776387e352fbd83df0136cf05db1,1
389d119b48cf3043d311335e499d9c6b,35c7e6723b080a78be6fc25d81eff5ea,1
35c7e6723b080a78be6fc25d81eff5ea,389d119b48cf3043d311335e499d9c6b,1
e4e48eb0d37d47a169208324e8e4d6ba,d12736e1616a8837c8e9d945a60608bc,1
d12736e1616a8837c8e9d945a60608bc,e4e48eb0d37d47a169208324e8e4d6ba,1
8d4ff8de5e399964646ef5f4ee698076,422879e10f46682990de24d770e7f83d,1
422879e10f46682990de24d770e7f83d,8d4ff8de5e399964646ef5f4ee698076,1
422879e10f46682990de24d770e7f83d,589d0ec4c794dd688991c0f539f9e015,1
589d0ec4c794dd688991c0f539f9e015,422879e10f46682990de24d770e7f83d,1
6f726a6d8634ffddcb69ceba5314edf3,a8d952e8e5436a6fe36d24c402d100de,1
a8d952e8e5436a6fe36d24c402d100de,6f726a6d8634ffddcb69ceba5314edf3,1
99f5b2240b82bf9387e5cf2fc0335b08,44dfeb8491daf22683dff46c7a3265b9,1
44dfeb8491daf22683dff46c7a3265b9,99f5b2240b82bf9387e5cf2fc0335b08,1
79ad39409fa4bcc36b4b7f734c79c2a2,b5e13c9a353102f79c6206ff5cb61a50,1
b5e13c9a353102f79c6206ff5cb61a50,79ad39409fa4bcc36b4b7f734c79c2a2,1
9048cbd294fe0c1a3ec8c8248bc2cadd,f0c28cf1f8a109a1dc6708397a353ec2,1
f0c28cf1f8a109a1dc6708397a353ec2,9048cbd294fe0c1a3ec8c8248bc2cadd,1
c1cf541d5b33a4b04ddc1c3be7aa1c86,824479121ed07485e5195dd6bfe467a1,1
824479121ed07485e5195dd6bfe467a1,c1cf541d5b33a4b04ddc1c3be7aa1c86,1
cdba44bccdafa757b44f7f41b70f4e23,70d01ae15a5d5ee38388b90c0470d9b0,1
70d01ae15a5d5ee38388b90c0470d9b0,cdba44bccdafa757b44f7f41b70f4e23,1
4c2394abfbac7ff59ec7a420918562fa,c92f0e7b9d49a9543558d6532772441b,1
c92f0e7b9d49a9543558d6532772441b,4c2394abfbac7ff59ec7a420918562fa,1
c0af7c6e4d05f8fd956204b258ce14e0,8466762a9393a2b2b1de73f3cf6081a3,1
8466762a9393a2b2b1de73f3cf6081a3,c0af7c6e4d05f8fd956204b258ce14e0,1
56d7faef0f7d847eea91b3302698bcc4,2b10e945dae5434075c8bb2be0d17325,1
2b10e945dae5434075c8bb2be0d17325,56d7faef0f7d847eea91b3302698bcc4,1
b84520a57891e7a8ae2c68741dcc7146,1600dcf1cea8c0c83702e07b577ab231,1
1600dcf1cea8c0c83702e07b577ab231,b84520a57891e7a8ae2c68741dcc7146,1
cf96309600a89c51987b4786465f1be3,d97cfa719a6198d4a66453e0c6ed596c,1
d97cfa719a6198d4a66453e0c6ed596c,cf96309600a89c51987b4786465f1be3,1
c3cdb28ed53f4ec5d9afe32753961641,35afc973633aaeb6b877ff57b2793310,1
35afc973633aaeb6b877ff57b2793310,c3cdb28ed53f4ec5d9afe32753961641,1
35afc973633aaeb6b877ff57b2793310,14081f2d6a3ce46cfa9d852c9b1b92ba,1
14081f2d6a3ce46cfa9d852c9b1b92ba,35afc973633aaeb6b877ff57b2793310,1
d272d0921188b0bd91542d704b21404e,9e0e152552a1323f7e5dcf63d50cdae3,1
9e0e152552a1323f7e5dcf63d50cdae3,d272d0921188b0bd91542d704b21404e,1
3cbe33afbd16b7026d87ed3bb2e8ca52,cd2ee35bb109c0ee5b598cae174880bc,1
cd2ee35bb109c0ee5b598cae174880bc,3cbe33afbd16b7026d87ed3bb2e8ca52,1
7a295e6687ed3e00c8143498115f6ca5,c0abb5707b6d57b4e7d9797222a77fc8,1
c0abb5707b6d57b4e7d9797222a77fc8,7a295e6687ed3e00c8143498115f6ca5,1
389d119b48cf3043d311335e499d9c6b,370c500401de58da2a25c8cab27527cc,1
370c500401de58da2a25c8cab27527cc,389d119b48cf3043d311335e499d9c6b,1
0bcc3eeca39e1064258aa1e932269894,370c500401de58da2a25c8cab27527cc,1
370c500401de58da2a25c8cab27527cc,0bcc3eeca39e1064258aa1e932269894,1
774e21c631ca26cba7b5606bdca7460f,370c500401de58da2a25c8cab27527cc,1
370c500401de58da2a25c8cab27527cc,774e21c631ca26cba7b5606bdca7460f,1
61787f92f08a18258c0267e53cb9c1cb,abaefce0c17047c6829ff4078f2005d0,1
abaefce0c17047c6829ff4078f2005d0,61787f92f08a18258c0267e53cb9c1cb,1
37ca6352680ac8ebfdd9bbc581df8375,9e92e1d0e33230b26c551bca363f1c41,1
9e92e1d0e33230b26c551bca363f1c41,37ca6352680ac8ebfdd9bbc581df8375,1
fc956e40e1a0ca9889d2e182aa6fddd3,ed5122a6a757a4fea8f32a6fb95a5135,1
ed5122a6a757a4fea8f32a6fb95a5135,fc956e40e1a0ca9889d2e182aa6fddd3,1
cb52e6775d816cbdadade36948e81fc8,467c6bb41a33d10e03816f139e7baf85,1
467c6bb41a33d10e03816f139e7baf85,cb52e6775d816cbdadade36948e81fc8,1
