seller_id,seller_zip_code_prefix,seller_city,seller_state
e49c26c3edfa46d227d5121a6b6e4d37,55325,brejao,PE
1b938a7ec6ac5061a66a3766e0e75f90,16304,penapolis,SP
ccc4bbb5f32a6ab2b7066a4130f114e3,80310,curitiba,PR
8bd0f31cf0a614c658f6763bd02dea69,1222,sao paulo,SP
e38db885400cd35c71dfd162f2c1dbcf,70740,brasilia,DF
4cf490a58259286ada5ba8525ba9e84a,14910,tabatinga,SP
2ff97219cb8622eaf3cd89b7d9c09824,13320,salto,SP
2a1348e9addc1af5aaa619b1a3679d6b,30494,belo horizonte,MG
116ccb1a1604bc88e4d234a8c23f33de,9850,sao bernardo do campo,SP
406822777a0b9eb5c50e442dd4cd3ec5,18500,tatui,SP
d9a84e1403de8da0c3aa531d6d108ba6,3562,sao paulo,SP
1f9ab4708f3056ede07124aad39a2554,17602,tupa,SP
ec2e006556300a79a5a91e4876ab3a56,3445,sao paulo,SP
d3674f271c91f824f82d24d92011f669,72233,brasilia,DF
768de2a4fc06aacecb9a586ccc30746a,70645,brasilia,DF
c0f783394e37cd9c9d7f5f81141450fa,13416,piracicaba,SP
8444e55c1f13cd5c179851e5ca5ebd00,37584,congonhal,MG
41ab63a91b8b264e8c8780368bf1dd5b,31555,belo horizonte,MG
e546117ed9cafbc40239c0c78635c584,4705,sao paulo,SP
d71d863e5ef30d94e440c11be17dcd8f,6144,osasco,SP
0c7533c71df861ec58ad7ff999ed0e8d,13270,valinhos,SP
ef990a83bbea832f36ebe81376335aa8,89214,joinville,SC
0747d5bb69f0586cc869d8af4c50f93e,28990,saquarema,RJ
b7ba853e9551f4558440881fd3e5c815,95500,santo antonio da patrulha,RS
c013e57c075a06e5b5c48ee03c525719,13568,sao carlos,SP
2d50d6282f8aa2257819a77bfaa0efe0,14940,ibitinga,SP
b90e891671cffd9557f33a97dc523645,83010,sao jose dos pinhais,PR
a416b6a846a11724393025641d4edd5e,3702,sao paulo,SP
7e93a43ef30c4f03f38b393420bc753a,6429,barueri,SP
ef506c96320abeedfb894c34db06f478,3569,sao paulo,SP
7299e27ed73d2ad986de7f7c77d919fa,38440,araguari,MG
b2479f944e1b90cf8a5de1bbfde284d6,14940,ibitinga,SP
7722b1df1b0e383e000397b2c11e3e19,9715,sao bernardo do campo,SP
411f3b52d857390502ee4e4d5ceabc2d,9400,ribeirao pires,SP
bba3293d6f5d5af2f415e004e8b93ae3,4726,sao paulo,SP
4e7c18b98d84e05cbae3ff0ff03846c2,14882,jaboticabal,SP
b56906f7fd1696e043f1bcce164c487b,19830,echapora,SP
d650b663c3b5f6fb392b6326366efa9a,6713,cotia,SP
669ae81880e08f269a64487cfb287169,89160,rio do sul,SC
c2d70ce2c5d0a2eb75e78668236e6dc8,4275,sao paulo,SP
abe42c5d03695b4257b5c6cbf4e6784e,21235,rio de janeiro,RJ
cda598c48d7c614bc1cad7d8ff6f0010,15137,mirassol,SP
d4910f1cdcfdabd48d6b316e395d4a23,9190,santo andre,SP
709e16e2b25c7474d980076c6bfc4806,16200,birigui,SP
276677b5d08786d5dce7c2149dcce48b,31730,belo horizonte,MG
8bb48dc19fccaa8613b6229bf7f452a2,19803,assis,SP
ad87df7699e83b8a91822a4a0b765c3a,13820,jaguariuna,SP
d6b664fa0667064c6d76394e7848d790,14801,araraquara,SP
1d4587203296c8f4ad134dc286fa6db0,5101,sao paulo,SP
0c8380b62e38e8a1e6adbeba7eb9688c,37410,tres coracoes,MG
37be5a7c751166fbc5f8ccba4119e043,4248,sao paulo,SP
e24d3429d294b2eb200b064ebb035879,3514,sao paulo,SP
44073f8b7e41514de3b7815dd0237f4f,71070,brasilia,DF
9d39404483343dd55c7ae254494d8388,1044,sao paulo,SP
75745ef7bc7d4f3ea3380f6f5303f514,70384,brasilia,DF
7b07b3c7487f0ea825fc6df75abd658b,2016,sao paulo,SP
99002261c568a84cce14d43fcffb43ea,78095,cuiaba,MT
0ad80de75c811326389cfb1daba7d45e,20261,rio de janeiro,RJ
b9a03475e6447e631b6799ec8274800f,85830,formosa do oeste,PR
ea00f977a203ff88adf7057cb7806998,11085,santos,SP
ed4acab38528488b65a9a9c603ff024a,8260,sao paulo,SP
f0837c8d71434931d9e38e7b79234797,95995,arvorezinha,RS
75a4764c108403a7a0575140cb22287c,95072,caxias do sul,RS
fc59392d66ef99377e50356ee4f3b4e1,40243,salvador,BA
b18dc380845b24038cfc48006478f099,9951,diadema,SP
f22a247b79dd22ecd91dc8e3b2a1b07c,8573,itaquaquecetuba,SP
ffc470761de7d0232558ba5e786e57b7,7091,guarulhos,SP
4c498c7345e89aebad651544829beca0,6341,carapicuiba,SP
01bcc9d254a0143f0ce9791b960b2a47,76400,uruacu,GO
a513150f33f99a06569e9cd5c4bb889b,1545,sao paulo,SP
02f5837340d7eb4f653d676c7256523a,80620,curitiba,PR
7b98de631987e26dd6d803490c43a13c,87900,loanda,PR
c8e135e7b21ecbc36c1153a29d2f5a06,1411,sao paulo,SP
229c3efbfb0ea2058de4ccdfbc3d784a,30190,belo horizonte,MG
6ec1a01e866584bb679eb9b098345919,11040,santos,SP
fa40cc5b934574b62717c68f3d678b6d,2310,sao paulo,SP
c0098efcf800861dcae589affca31408,14080,ribeirao preto,SP
8b2492b7ff4468839593fafeed55bad9,24451,sao goncalo,RJ
5e49e3a44bdeb5aab2684258bbd4f525,88330,balenario camboriu,SC
8e34331b7eedd03be4e5d965c1956225,4009,sao paulo,SP
aaed1309374718fdd995ee4c58c9dfcd,89120,timbo,SC
ff314fa6033cc68ec451c47aee2d6ba4,5424,sao paulo,SP
9e6229250fedbe05838fef417b74e7fb,16800,mirandopolis,SP
5abb8ea023c77787f2c15da891c8d384,89228,joinville,SC
817245bcc3badd82bbd222e0366951a6,17056,bauru,SP
caa9bc43a9fe8cf9c564ddd8a03cc4a6,12308,jacarei,SP
7178f9f4dd81dcef02f62acdf8151e01,89560,videira,SC
8132b9bd16876e1b0f8808d43825dd48,88058,florianopolis,SC
3f995f07c49d0d55a99d5c54957f7d81,6853,itapecerica da serra,SP
a6bd7d1ccdac48c6b33b28596b7eb122,58280,mamanguape,PB
3db66a856d18a9cba7c9241fc5221c50,35430,ponte nova,MG
10ff823eda2b032e2c93d17a7d294736,17280,pederneiras,SP
b4a476fbd28de64b1e347abf9089366a,6653,itapevi,SP
83b08de96980757220871b31bf6cffca,21820,rio de janeiro,RJ
14a08204d03bb6b6bde8029f801ae0eb,1026,sao paulo,SP
3d621842b2ed28e2b474132480edac3c,8041,sao paulo,SP
a17f621c590ea0fab3d5d883e1630ec6,18055,sorocaba,SP
4deebb3199eeafb282ae33229144f94b,2112,sao paulo,SP
55bb6fe5bebe5012e2d7d9928e1128ff,17052,bauru,SP
d6b1ce66b035a475f00c017792ff9769,13327,salto,SP
ececbfcff9804a2d6b40f589df8eef2b,14407,franca,SP
830379336fad8c6f3b15a4a3ddb5c66e,2518,sao paulo,SP
7d13fca15225358621be4086e1eb0964,14050,ribeirao preto,SP
1b4c3a6f53068f0b6944d2d005c9fc89,88730,sao ludgero,SC
b92e3c8f9738272ff7c59e111e108d7c,36502,uba,MG
b8555308bfdb4ca1ed54325a58da9a97,9751,sao bernardo do campo,SP
1dc2de47ee26a0a5b12dc14fd6dc0dea,14940,ibitinga,SP
781a66c0d89e30814d49fe8b5e14cd07,13064,campinas,SP
4917cee8d902e13428c3ec4b1ca6f315,89031,blumenau,SC
5011f0d93373a4c5753adf58ca77af8d,11013,santos,SP
50c9975695009e5e6473912e83a6d1da,35530,claudio,MG
7aa4334be125fcdd2ba64b3180029f14,18500,laranjal paulista,SP
b14db04aa7881970e83ffa9426897925,18048,sorocaba,SP
fac1a9017ade7bdc94058fc1c969f355,1126,sao paulo,SP
1099a00e0ee3a50935e6c2447ca090c5,20921,rio de janeiro,RJ
a3e9a2c700480d9bb01fba070ba80a0e,14940,ibitinga,SP
80f2cf9abf6b5a0e5c612b5eea6646e6,15046,sao jose do rio preto,SP
516e7738bd8f735ac19a010ee5450d8d,22230,rio de janeiro,RJ
9f505651f4a6abe901a56cdc21508025,4102,sao paulo,SP
7142540dd4c91e2237acb7e911c4eba2,16301,penapolis,SP
a3a38f4affed601eb87a97788c949667,89204,joinville,SC
744dac408745240a2c2528fb1b6028f3,83408,colombo,PR
9b013e03b2ab786505a1d3b5c0756754,11450,vicente de carvalho,SP
8b9d6eec4a7eb7d0f9d579ce0b38324d,26562,mesquita,RJ
38e679b9e0064cd94c6f035707344dae,86010,londrina,PR
79ebd9a61bac3eaf882805ed4ecfa12a,85802,cascavel,PR
5f3ae9136c875522250f8184f253413a,1550,sao paulo,SP
8e6d7754bc7e0f22c96d255ebda59eba,12233,sao jose dos campos,SP
92c8bc6e8f925792247656fed09aad65,3384,sao paulo,SP
3ca08eeb8d5595949fed424bd3677742,82510,curitiba,PR
cbd996ad3c1b7dc71fd0e5f5df9087e2,15081,sao jose do rio preto,SP
8daab2245ebdc277c51098d01c5ad8ef,8411,sao paulo,SP
e067ad2c1c0b48758eb1b5228bcf7a68,11045,santos,SP
f626e15b7314c267e4429010866f70e9,85960,marechal candido rondon,SP
f1fd5ab1181f827ffad998c1a5de7d74,80010,curitiba,PR
093805f8f2aeb63881444571e1f48f30,6236,osasco,SP
5acd070dd3fe441bbb2ec1f1ede515ee,13203,jundiai,SP
3c010235b7345c92f125d14ee232a76b,83800,mandirituba,PR
081acf3de680d554796c9cf041be7bc2,33200,vespasiano,MG
6d803cb79cc31c41c4c789a75933b3c7,14600,sao joaquim da barra,SP
5f2684dab12e59f83bef73ae57724e45,5125,sao paulo,SP
713e3a23ca5e47786eb6f0d99f94cfac,81050,curitiba,PR
8b321bb669392f5163d04c59e235e066,1212,sao paulo,SP
76d64c4aca3a7baf218bf93ef7fa768d,80215,curitiba,PR
d06d019f72a04e5497a0b64190af170c,6703,cotia,SP
f8f35af4634605e6693c17cc3ffff5a8,37400,campanha,MG
004c9cd9d87a3c30c522c48c4fc07416,14940,ibitinga,SP
6b89abe95848c850399130d149a39b63,75640,piracanjuba,GO
aced59e9b31ef866a94f9e7f29d8d418,3306,sao paulo,SP
b4f8921fcc4ff77b66bea6dda43dcd51,95034,caxias do sul,RS
c731d18cea9bf687ffee82a241c25b11,89701,concordia,SC
d8d9567d0bfb0bc7eb845a205ba42657,3688,sao paulo,SP
671585f5a2af58b6e276bc01003c0d2b,80510,curitiba,PR
5bffbafbb22daf6d3bfc216a46db8708,26525,nilopolis,RJ
822b63912576852aea9a8436d72317b7,13840,mogi guacu,SP
aba1721a889e04decc910aa13b768ef4,5729,sao paulo,SP
cab85505710c7cb9b720bceb52b01cee,2252,sao paulo,SP
8c3b533c63cca56240f94f1e3a6b18ef,31050,belo horizonte,MG
9a03a4e9eb0b947652fae4f6121a3f5e,15805,catanduva,SP
6cd68b3ed6d59aaa9fece558ad360c0a,31255,belo horizonte,MG
3df020b72d3d44b3af9d110fa3940b65,15704,jales,SP
537eb890efff034a88679788b647c564,20270,rio de janeiro,RJ
48fb026ed7455a42f5d3e9390ed5088e,27321,barra mansa,RJ
cea729054f157f5870bdd321a958d994,3161,sao paulo,SP
955fee9216a65b617aa5c0531780ce60,4782,sao paulo,SP
f805b96fa705ba7995a221f1749dc141,87013,maringa,PR
751bdc4d83a466c7206cd42e8f426b03,9405,ribeirao pires,SP
6e386f64c84e482f0b9abf960797ee1b,1539,sao paulo,SP
71592660bbcb6a4664e97b6f8b68babc,15055,sao jose do rio preto,SP
039b29ff3b3473435d0cd59040575de9,9443,ribeirao pires,SP
085f6f7e049c996695fb2074fe38d45e,12020,taubate,SP
5a93f3ab0ef4c84ed5e1b5dbf23978bc,12250,monteiro lobato,SP
e1b12447a7563944843191754aeb5562,7145,guarulhos,SP
1fe5540d7c1c37a595fefbacd5570d9e,25850,paraiba do sul,RJ
d3f39f05462b79a4562d35893a28f159,13730,mococa,SP
0176f73cc1195f367f7b32db1e5b3aa8,14940,ibitinga,SP
01cf7e3d21494c41fb86034f2e714fa1,85603,francisco beltrao,PR
ceaec5548eefc6e23e6607c5435102e7,3821,sao paulo,SP
c8771b1a10bb99bb34d3c459c5cffb53,36512,tocantins,SP
2d42ebcda99fd55f6f4bc2f1ca035d50,76400,uruacu,GO
e9bc59e7b60fc3063eb2290deda4cced,87083,maringa,PR
a0415d9b25ede3c4b1e477e9916ffc03,26255,nova iguacu,RJ
3dfd3dc96f7f8598eca74e9ac8a2fa31,3343,sao paulo,SP
fa1a9dec3a9940c072684a46728bf1fc,88820,icara,SC
6ddc28b61be28373b4503a1f61cf98a9,3543,sao paulo,SP
c5ebe6598748b0aeaa61cfb820478b92,95910,lajeado,RS
cb8bcce248bb1fb274ba762d8b971456,37540,santa rita do sapucai,MG
b6d44737c043328708f6749c2dbe50bd,9230,santo andre,SP
972d0f9cf61b499a4812cf0bfa3ad3c4,88359,brusque,SC
e5bd51692380fd8cabb19b756b95e714,9220,santo andre,SP
cfb1a033743668a192316f3c6d1d2671,18110,votorantim,SP
adcf50477d6a1f5d91bb9d54c4903cb5,35530,claudio,MG
8476243f92442881ddd5b578975cf115,93700,campo bom,RS
f326006815956455b2859abd58fe7e39,15601,fernandopolis,SP
ea6b12bf9ffe2bac34602ec631d97a47,7093,guarulhos,SP
d1ef48b38baca7e831711c4a0aeb398f,86800,apucarana,PR
259f7b5e6e482c230e5bfaa670b6bb8f,8550,poa,SP
dd7ddc04e1b6c2c614352b383efe2d36,3471,sao paulo,SP
f457c46070d02cadd8a68551231220dd,87047,maringa,PR
1f50f920176fa81dab994f9023523100,15025,sao jose do rio preto,SP
d93919c944be9cff128f6c9cb899eacb,13375,mombuca,SP
f7ba60f8c3f99e7ee4042fdef03b70c4,9628,sao bernardo do campo,SP
c5f7e746b7e6d07def6c0dae9903279b,81350,curitiba,PR
2d20f1cd18725c91147da0791d498022,86040,londrina,PR
002100f778ceb8431b7a1020ff7ab48f,14405,franca,SP
70f84699be677ec988d1fa824aef7d90,35700,sete lagoas,MG
5bc24d989e71e93c33e50a7782431b0e,37165,campo do meio,MG
6eb94e1466490d327a09abf8f3552a50,13219,jundiai,SP
5236605f4d4b0b3e4df85b850393fca0,3311,sao paulo,SP
6a38087bc8ad4f89ff453561005f6dea,75123,anapolis,GO
eebb3372362aa9a46975164bed19a7e7,4578,sao paulo,SP
f84a00e60c73a49e7e851c9bdca3a5bb,20756,rio de janeiro,RJ
e5a38146df062edaf55c38afa99e42dc,1233,sao paulo,SP
4de6e4ba574aa9dfdc824bc44dc47fdd,83402,colombo,PR
f45122a9ab94eb4f3f8953578bc0c560,13419,piracicaba,SP
7901646fdd36a55f564ffaf2dbccaaf7,20021,rio de janeiro,RJ
6481e96574816ead57975da2c0f6d80d,18072,sorocaba,SP
48436dade18ac8b2bce089ec2a041202,27277,volta redonda,SP
f5f2ab9bdb6b30c14c61be68c5ed37da,13660,porto ferreira,SP
8ed8ea9a57c862f2c18c2fe41f601d56,89030,blumenau,SC
1554a68530182680ad5c8b042c3ab563,37580,monte siao,MG
152ee17e4c8aaf53dac99f3462e4999b,89248,garuva,SC
04aa0a1c5ce6b222003403a3e11c3cc0,13150,cosmopolis,SP
ede0c03645598cdfc63ca8237acbe73d,14092,ribeirao preto,SP
ef0ace09169ac090589d85746e3e036f,24451,sao goncalo,RJ
ed8cb7b190ceb6067227478e48cf8dde,11015,santos,SP
562f8cfc51f265411f487d07e9c40e7f,30575,belo horizonte,MG
97e4a63591ca439a2b8b7efd20e6e19e,20520,rio de janeiro,RJ
52092ddbd3a58c450a4459bf051b2287,17300,dois corregos,SP
1a8e2d9c38b84a9702ac7922924b0573,89245,araquari,SC
87142160b41353c4e5fca2360caf6f92,90230,porto alegre,RS
289cdb325fb7e7f891c38608bf9e0962,31570,belo horizonte,SP
9d681c7e12db302cb261e721040dde65,80330,curitiba,PR
fa1c13f2614d7b5c4749cbc52fecda94,13170,sumare,SP
3504c0cb71d7fa48d967e0e4c94d59d9,9350,maua,SP
de09d00cfc265b8804c7df34075a68fa,2118,sao paulo,SP
638cba8be1fb599bbb76fd6948351eb3,12242,sao jose dos campos,SP
fbc14c0cf93505ef89f64665ffa4a7b5,14150,serrana,SP
34d1ca11b242c0fee2c834ae8d788566,36415,congonhas,MG
96493fab2fbb13a14d0c0e8772eef5c3,5537,sao paulo,SP
7c1fea10b5b006671d608b1d7c446ec4,18550,boituva,SP
b6e1504972665f739dec4facb9943775,13405,piracicaba,SP
f76a3b1349b6df1ee875d1f3fa4340f0,3275,sao paulo,SP
99eaacc9e6046db1c82b163c5f84869f,14400,franca,SP
d98eec89afa3380e14463da2aabaea72,90010,porto alegre,RS
ab75b89cc49c9ab3160d0c91565a442a,17604,tupa,SP
08084d990eb3f53af056ccbc1730c8a7,3612,sao paulo,SP
23613d49c3ac2bd302259e55c06c050c,13660,porto ferreira,SP
93b9a99027bd8bd6af682aff18dd19bf,7600,mairipora,SP
0bf0150d5b9d60d9cd2906003332f085,1547,sao paulo,SP
c3cfdc648177fdbbbb35635a37472c53,80610,curitiba,PR
1ce3ae5a399804d1a87e706f8a813c3e,88715,jaguaruna,SC
5f26c1408a65b42a7224cd463bdf3292,86707,arapongas,PR
2138ccb85b11a4ec1e37afbd1c8eda1f,8250,sao paulo,SP
fe87f472055fbcf1d7e691c00b1560dc,13085,campinas,SP
5a32c398a06c345440bf2a683b017ad3,21070,rio de janeiro,RJ
f46490624488d3ff7ce78613913a7711,7194,guarulhos,SP
4d0041cdbe51b4617d95c70b19decc74,36052,juiz de fora,MG
ad420dd0c4f92f8af951ac24b86d0cf5,38230,fronteira,MG
e8b4225284fbb02d16f200513f1f395d,14960,novo horizonte,SP
f61c63d13f7cd800549d5acdd390ae72,18185,pilar do sul,SP
054694fa03fe82cec4b7551487331d74,15840,itajobi,SP
c8b0e2b0a7095e5d8219575d5e7e1181,8598,itaquaquecetuba,SP
38102b031c2a15e54623d711bfc753d3,62170,mucambo,CE
391fc6631aebcf3004804e51b40bcf1e,14940,ibitinga,SP
e59aa562b9f8076dd550fcddf0e73491,82810,curitiba,PR
e84ad2127668df3aafc6b73531a0beb8,4613,sao paulo,SP
e9779976487b77c6d4ac45f75ec7afe9,11701,praia grande,SP
6b90f847357d8981edd79a1eb1bf0acb,7152,guarulhos,SP
73a63f72308aa20a46f4b1632018f196,82510,curitiba,PR
7c5b05cbdb5542049f38d90d7815b97d,5201,sao paulo,SP
db4350fd57ae30082dec7acbaacc17f9,3126,sao paulo,SP
845e8036c3f7bf62099352f5ed910240,21041,rio de janeiro,RJ
3364a91ec4d56c98e44174de954b94f6,76804,porto velho,RO
4324dd16853115efb0fd9d0d131ba6f4,13720,sao jose do rio pardo,SP
55a5b51f93f2b70ea513f5a047b0262a,36301,sao joao del rei,MG
6426d21aca402a131fc0a5d0960a3c90,14091,ribeirao preto,SP
8a432f4e5b471f8da497d7dc517666e2,19042,presidente prudente,SP
da3fede3469bf49b7293ce3fc45b294d,8743,mogi das cruzes,SP
bfd27a966d91cfaafdb25d076585f0da,13930,serra negra,SP
fadb07c842a2aef5d5a676b85f220e71,15052,sao jose do rio preto,SP
04e38a233f726ef161074ab1c9b0399a,1239,sao paulo,SP
f664f98bfda2eaf266a23ff144e7a872,4001,sao paulo,SP
7ade73f1b9b4e965f9009a4c3a7e2c15,17051,bauru,SP
a369d693961cb93b61ca2cc518872a85,15081,sao jose do rio preto,SP
aec99834ab5d38ead22766ada8497e87,83411,colombo,PR
c03121937e54a93fcc1825c3098bbb6e,82800,curitiba,PR
1690cada046eb7e92c12f98b1f8a8167,1303,sao paulo,SP
385799a1cddbd26dfeb9157356a42282,4676,sao paulo,SP
42b729f859728f5079499127a9c2ef37,3910,sao paulo,SP
be3b4b0f050a6aa1b2d901c4b77e979f,84430,imbituva,PR
6806dad1da97bfb5a9038eac6881f706,83280,guaratuba,PR
a435b009cd956ea60748b5cfbddf2e24,14406,franca,SP
9c0e69c7bf2619675bbadf47b43f655a,12230,sao jose dos campos,SP
3586b8580d9c917874e053a1bb37b5ff,14802,araraquara,SP
6edacfd9f9074789dad6d62ba7950b9c,7135,guarulhos,SP
4a1917ef994878940e1fb03eeb787ad7,70610,brasilia,DF
334cab711dee080b079fa5779b584783,9190,santo andre,SP
9dd59e43f0c9f0553244e8f9c2fb247e,85851,foz do iguacu,PR
ccf8813e5a7d6c84d865cd38bfc2b130,12080,taubate,SP
8d956fec2e4337affcb520f56fd8cbfd,9780,sao bernardo do campo,SP
e5a3438891c0bfdb9394643f95273d8e,13483,limeira,SP
138dbe45fc62f1e244378131a6801526,2215,sao paulo,SP
5058e8c1e82653974541e83690655b4a,8583,itaquaquecetuba,SP
9674754b5a0cb32b638cec001178f799,4438,sao paulo,SP
49067458c68f7701fd334ce326accbe0,36050,juiz de fora,MG
dfa0c4c6229ab200a4a1336b4d7128ff,88085,florianopolis,SC
6c7d50c24b3ccd2fd83b44d8bb34e073,19025,presidente prudente,SP
5cbbd5a299cab112b7bf23862255e43e,83324,pinhais,PR
ca3bd7cd9f149df75950150d010fe4a2,4361,sao paulo,SP
323ce52b5b81df2cd804b017b7f09aa7,3306,sao paulo,SP
c84592044b180dec206770c38603814b,1026,sao paulo,SP
1caf283236cd69af44cbc09a0a1e7d32,26020,nova iguacu,RJ
ba90964cff9b9e0e6f32b23b82465f7b,7140,guarulhos,SP
20d83f3ef0e6925fd74bfd59170babf7,2804,sao paulo,SP
32b8764b4ef628b53608fc34011fcc13,88504,lages,SC
0432ead42b6c8a0bdf68154add917fdf,9320,maua,SP
7e959205cebc10adefcb331f934238a4,1223,sao paulo,SP
2a261b5b644fa05f4f2700eb93544f2c,13660,porto ferreira,SP
f680f85bee2d253556ac91be391d2c82,6365,carapicuiba,SP
3785b653b1b82de85ab47dd139938091,85640,ampere,PR
d379f449f2a3b271bc01c0782020f705,35500,divinopolis,MG
7ea5bfa6c340f58f8e71fc1f0412b0d6,30180,belo horizonte,MG
bd697db56ff8e7c9cd1abeb7f72029b2,3533,sao paulo,SP
1a3df491d1c4f1589fc2b934ada68bf2,89224,joinville,SC
e81e1f9c3e762e620f3fb60a51499e16,89520,curitibanos,SC
4e480be820e37de1444325ff358c9296,37410,tres coracoes,MG
6560211a19b47992c3666cc44a7e94c0,5849,sao paulo,SP
70b52a4cfc823994561b00bad161b4ed,2727,sao paulo,SP
c1552b1dab6e6f760950368ae61fb600,12215,sao jose dos campos,SP
596849622429351f47b32e6cae1055ff,8710,mogi das cruses,SP
718539d38d07dd351c76db862760e2e2,13088,campinas,SP
0b90b6df587eb83608a64ea8b390cf07,87025,maringa,PR
4c60877808f4318ef1107fbeb8f89afa,12940,atibaia,SP
679769a98cfcc6da877c8486ff1c13f3,35162,ipatinga,MG
acf974e4d5950ad143a247471b831eb9,95059,caxias do sul,RS
febab0275244b9a49a623f0bd613ca2f,13920,pedreira,SP
f3da5b2ff499efb8d4a6d371d175d7dd,2407,sao paulo,SP
05e107217c7266362fd44b75b2cd4cc4,5353,sao paulo - sp,SP
1acde099eb406aa220b1169b188b42da,2532,sao paulo,SP
d97df38225e5abadaff1e72cb72b823c,9560,sao caetano do sul,SP
a420f60ff1aa9acc80d0e42959f2b313,5138,sao paulo,SP
bc2ac6b95e1accce9858528ee566c17e,13085,campinas,SP
02c988090b766852e088c69d7fb3b551,13473,americana,SP
8602a61d680a10a82cceeeda0d99ea3d,1001,sao paulo,SP
fde0cc9ea29c8ccfc0a2c22256a58c71,81650,curitiba,PR
5343d0649eca2a983820bfe93fc4d17e,9270,santo andre,SP
e4ebd3f87bf70440014f07ddda7fbe03,19470,presidente epitacio,SP
33a17d60c64393351ebf1ef860f4e0f2,91510,porto alegre,RS
640e21a7d01df7614a3b4923e990d40c,14940,ibitinga,SP
d57e18d5f73c7ccb7f7339b61166898d,3613,sao paulo,SP
dd2bdf855a9172734fbc3744021ae9b9,31255,belo horizonte,MG
9d213f303afae4983637247556438ede,14940,ibitinga,SP
cbf09e831b0c11f6f23ffb51004db972,9726,sbc/sp,SP
7fdb0720c8d7c9075538b365dc8c3a22,85904,toledo,PR
4aba391bc3b88717ce08eb11e44937b2,45816,arraial d'ajuda (porto seguro),BA
fcba71d4d5db057f43249145e4eb1e27,13481,limeira,SP
715bbd5ba4e6b74cb0d2f29eb45058b0,13930,serra negra,SP
1430239a858e7682bbc43b20758af153,4087,sao paulo,SP
bb7a14e229b1c95156719c3d9552eeee,23095,rio de janeiro,RJ
4c18691b6037662be2df78a765d98ab5,3167,sao paulo,SP
95f83f51203c626648c875dd41874c7f,37564,borda da mata,MG
6b243f80ed07b10f0e8aa0f21a205f3c,81825,curitiba,PR
e7f3bf1ecd8526eb7f3b18059e6716e5,11680,ubatuba,SP
2089a6d640999f9b9141ac719b2af596,13566,sao carlos,SP
2a167ca73899c85001a837d8fb4962f6,37540,sao paulo,SP
3969863bb8af7f72580b3b1ffd3a17b3,3550,sao paulo,SP
2a5b78b41cd05baeac8df54c6606b92c,35570,formiga,MG
b32be1695eb7ec5f10f72d9610a12527,95012,caxias do sul,RS
b94cc9f10ddc85e4ba73a6f7974e7101,27930,macae,RJ
53243585a1d6dc2643021fd1853d8905,42738,lauro de freitas,BA
6df688df543f90e9b38f4319e75a9d88,31230,belo horizonte,MG
b1fecf4da1fa2689bccffa0121953643,79107,campo grande,MS
7b1222c3624aa89b9558b50a2594188c,15041,sao jose do rio preto,SP
b33aaadd1a8891d2dfef0c4c3bdf0371,13481,limeira,SP
cc80e2f693fa6e2408f47ccf62413fc1,81050,curitiba,PR
dee656f0f566ed1aa85bd137c943f08f,12701,cruzeiro,SP
d673a59aac7a70d8b01e6902bf090a11,14940,ibitinga,SP
966cb4760537b1404caedd472cc610a5,9920,diadema,SP
f3b80352b986ab4d1057a4b724be19d0,71200,brasilia,DF
ffeee66ac5d5a62fe688b9d26f83f534,15130,mirassol,SP
3bfad056cf05c00dabe2f895925d83b1,6033,osasco,SP
ed4311e67debd72b8610a5347a743087,7170,guarulhos,SP
5bf397d04035b5f45cc41e82ec106803,4144,sao paulo,SP
f52c2422904463fdd7741f99045fecb6,9230,santo andre/sao paulo,SP
bf00385a5f7fc1ef39a13c2e9ee50a5f,1224,sao paulo,SP
ec4608a1f76453166bb312b2968aeaf4,13660,porto ferreira,SP
293dee954235e4e4e43f129313625ebe,72125,brasilia,DF
cd68562d3f44870c08922d380acae552,14050,ribeirao preto,SP
dd8a29ce82d5c705ba932d81494600a5,8220,sao paulo,SP
41da412d33e8da4f22baf55cb1bde82c,29260,domingos martins,ES
d594982fd877af63ace38ea1fca27c76,1031,sao paulo,SP
5bc55dbe2f12b6af6d83ed46023e0dc8,35170,coronel fabriciano,MG
723cd880edaacdb998898b67c8f9da30,14940,ibitinga,SP
00ee68308b45bc5e2660cd833c3f81cc,3333,sao paulo,SP
701938c450705b8ae65fc923b70f35c7,15014,s jose do rio preto,SP
f5f1f2c5f923f36ad79ea1d07185ddc9,19820,taruma,SP
59b22a78efb79a4797979612b885db36,38414,uberlandia,MG
ea8482cd71df3c1969d7b9473ff13abc,4160,sao paulo,SP
65c255b299faf2d12050937cc219c46c,3060,sao paulo,SP
5b925e1d006e9476d738aa200751b73b,4567,sao paulo,SP
fe2032dab1a61af8794248c8196565c9,13030,campinas,SP
1cbd32d00d01bb8087a5eb088612fd9c,3363,sp / sp,SP
e0a366315b1b726b6c7832d664c0f530,2258,sao paulo,SP
4049512728d969bec69f84088b012416,30310,belo horizonte,MG
cd6efc47efaabf134f8bdb654e10b4f1,23050,rio de janeiro,RJ
4e17c65a516f69d023a2ae78b84f28d6,8673,suzano,SP
33ac3e28642ab8bda860a2f693000e78,6717,cotia,SP
18a349e75d307f4b4cc646a691ed4216,1319,sao paulo,SP
12b9676b00f60f3b700e83af21824c0e,95780,montenegro,RS
ef2fbc2b607d8492bcffe657a4645434,20051,rio de janeiro,RJ
8fdca8e349553f99bc738833a62c8802,2189,sao paulo,SP
4ebdc7e6cd6102a022dadc49156d4ea8,5030,sao paulo,SP
f918546be4bec7104d117789ba758b2b,5634,sao paulo,SP
612170e34b97004b3ba37eae81836b4c,93542,novo hamburgo,RS
2a84855fd20af891be03bc5924d2b453,30111,belo horizonte,MG
cf2384dd2f1dddea3f838efed0945e65,13930,serra negra,SP
4b9750c8ad28220fe6702d4ecb7c898f,13484,limeira,SP
2059c39f76271d4ca3f15b5ffaccc8b8,81930,curitiba,PR
5a05a16bb50629ee31afab8a6d4c2674,95076,caxias do sul,RS
8cbac7e12637ed9cffa18c7875207478,89254,jaragua do sul,SC
fdb9095204a334cd8872252ffec6f2db,3331,sao paulo,SP
5b97c06a046398e7005b2b7c0d707a92,38770,joao pinheiro,MG
aae3bfea055532c57fb453ed3ec80b30,9271,santo andre,SP
9bcdfa7b615b3abb9461d9e3ad9886ae,89053,blumenau,SC
271c58a1d139c45eaf3316107c6d3a3b,3632,sao paulo,SP
2dee2ce60de9709b1a24083217181a1f,78552,sinop,MT
f84fa566034f5e8e880a07ec624c56af,13330,indaiatuba,SP
4c1c7281388a33dd06daac44f9fadbd1,17510,marilia,SP
b1ac6ea7895bc3dd6f0f6f4abbdd2821,92030,canoas,RS
aafe36600ce604f205b86b5084d3d767,88115,sao jose,SC
5b07547f10dd980738a1a27f685af669,7013,guarulhos,SP
5882820ef11c4c068eea0677a7a879b4,95082,caxias do sul,RS
7357b52d27cbaa90f81a96cbc1279396,33400,lagoa santa,MG
180c3376aff0e43dd5788709df48a843,9911,sao paulo,SP
b0f2a6122a90a93eb03e68653dd960e3,80710,curitiba,PR
a888faf2d1baececa6baf9c3d603ee1f,87502,umuarama,PR
681fce914360217db47784ae28905a96,83709,araucaria,PR
41b39e28db005d9731d9d485a83b4c38,9220,santo andre,SP
609e1a9a6c2539919b8205cf7c4e6ff0,88359,brusque,SC
001cca7ae9ae17fb1caed9dfb1094831,29156,cariacica,ES
7f35f9daf223da737b78738fbae4d977,13272,valinhos,SP
2eb70248d66e0e3ef83659f71b244378,13101,campinas,SP
52a50b42accf164f9f019941e5759d9b,13820,monte alegre do sul,SP
c6bda72e4dbf5c5866b13cb1810c6d03,3087,sao paulo,SP
cd06602b43d8800bd0afad514919d35c,4119,sao paulo,SP
365e4bce19bda0082c3d15d83fdb8bcd,9570,sao caetano do sul,SP
9baf5cb77970f539089d09a38bcec5c3,13330,indaiatuba,SP
e3dd723429d1b23614b7fa85e2c7a853,9810,sao bernardo do campo,SP
f4a04f7be452aa3bb31760bf00055dd0,9010,santo andre,SP
dbc22125167c298ef99da25668e1011f,37564,borda da mata,MG
048c2757535328e0d7dac690ad3c0aae,14406,franca,SP
951e8cef368f09bb3f3d03c00ca4702c,14940,ibitinga,SP
33d677f27a69b84051204ee4ae76eaca,89218,joinville,SC
d91fb3b7d041e83b64a00a3edfb37e4f,11704,praia grande,SP
3d5d0dc7073a299e31fa718ce1bc00b6,22785,rio de janeiro,RJ
688756f717c462a206ad854c5027a64a,7094,guarulhos,SP
56a8b450e802502ba53a9885ee38e29f,9895,sao bernardo do campo,SP
9b00ed88b7fdb95d6ff76e27c1b52d16,8215,sao paulo,SP
4be6b962d83299498bae2190f95d6566,13561,sao carlos,SP
c864036feaab8c1659f65ea4faebe1da,83605,campo largo,PR
79565f7d5603b24ddf07ade262547f2f,14804,araraquara,SP
ba143b05f0110f0dc71ad71b4466ce92,2274,sao paulo,SP
5f5b43b2bffa8656e4bc6efeb13cc649,4880,sao paulo,SP
c5e60e39c0f42b8e827daa13cff74afa,3449,sao paulo,SP
bca9230d3bbb4efa51872bf605a2f1ad,4296,sao paulo,SP
8b2d4ab22f42c5cfc338b846decfda60,83820,fazenda rio grande,PR
d9bd94811c3338dceb4181f3dbc0c73e,4186,sao paulo,SP
e70053bf73d1b5863932e53a9fa47496,5059,sao paulo,SP
dbd66278cbfe1aa1000f90a217ca4695,5588,sao paulo,SP
e7d5b006eb624f13074497221eb37807,9291,santo andre,SP
2f74af7a0ee5636f12c2336f9fffed47,2376,sao paulo,SP
04fdea0c111866e6cf812f1570d6b5bd,8411,sao paulo,SP
63b464dbf392c7b80d12d932fa7cafed,2034,sao paulo,SP
9c068d10aca38e85c50202e17b4a7e88,79400,coxim,MS
7c67e1448b00f6e969d365cea6b010ab,8577,itaquaquecetuba,SP
9ef932e837d8b7f392c0bfee9d359dc2,14940,ibitinga,SP
66dc1b1632bd6a3e508510c5b3492107,17210,jau,SP
b335c59ab742f751a85db9c411a86739,38442,araguari,MG
01fdefa7697d26ad920e9e0346d4bd1b,86050,londrina,PR
43f8c9950d11ecd03a0304a49e010da6,6341,carapicuiba,SP
5d76d80a2f5f39c891b996a1bf4c9853,5727,sao paulo,SP
e5def42655b7490edac5a56fe8e9e603,13900,amparo,SP
c60b801f2d52c7f7f91de00870882a75,7174,guarulhos,SP
eeb6de78f79159600292e314a77cbd18,88501,lages,SC
4bf2f4ee540798a61f9636d12cd9cc80,19814,assis,SP
25e6ffe976bd75618accfe16cefcbd0d,5503,sao paulo,SP
9dda5bbacd45e18d6485fee649205d09,37540,santa rita do sapucai,MG
1d8dbc4f32378d715c717c1c1fc57bae,86706,arapongas,PR
fc906263ca5083d09dce42fe02247800,31030,belo horizonte,MG
1d2732ef8321502ee8488e8bed1ab8cd,20031,rio de janeiro,RJ
1da366cade6d8276e7d8beea7af5d4bf,36500,uba,MG
a3082f442524a1be452e3189e003b361,81560,curitiba,SP
e96498ed8daaa3e9c23f7a62da76591c,5373,sao paulo,SP
ad781527c93d00d89a11eecd9dcad7c1,15015,sao jose do rio preto,SP
b5e3e38609125694d2ea2417522a60b7,88020,florianopolis,SC
bacb1f0ed56ad24198f5810d2b3fe9a5,12328,jacarei,SP
980640c45d7a4635885491d077167e4d,13501,rio claro,SP
2156f2671501a81034d7d07f217609d0,4776,sp,SP
de0c78824586e9a5f5f04fd84e25df39,6730,vargem grande paulista,SP
128639473a139ac0f3e5f5ade55873a5,87050,maringa,PR
0791d9fc1e30678ecf03d3e55fa108d3,30775,belo horizonte,MG
7a241947449cc45dbfda4f9d0798d9d0,37590,jacutinga,MG
cfd7ddab722b902f7ac5b5f3ba6d723d,32372,contagem,MG
7e1fb0a3ebfb01ffb3a7dae98bf3238d,14403,franca,SP
376a891762bbdecbc02b4b6adec3fdda,74323,goiania,GO
33dd941c27854f7625b968cc6195a552,29107,vila velha,ES
25c5c91f63607446a97b143d2d535d31,35680,itauna,MG
f205b1a3ca9a34e0f8a228bae6e4c7b3,94965,cachoeirinha,RS
d2374cbcbb3ca4ab1086534108cc3ab7,14940,ibitinga,SP
1eade46fba20122dc4aefb379f8c636b,2066,sao paulo,SP
6f835fd4be26989b1b064399da346143,81280,curitiba,PR
c9a06ece156bb057372c68718ec8909b,73020,brasilia,DF
40d54b51e962dbe09cabbcfd33298dee,9230,santo andre,SP
70c27847eca8195c983ed7e798c56743,20930,rio de janeiro,RJ
05d2173d43ea568aa0540eba70d2ca76,37135,alfenas,MG
b839e41795b7f3ad94cc2014a52f6796,9541,sao caetano do sul,SP
48efc9d94a9834137efd9ea76b065a38,81130,curitiba,PR
5dc4bdaf869e8c77c648078cbe8d59c2,88035,florianopolis,SC
9261d76c62caaf0b24677c2ceb7f8f20,88138,palhoca,SC
37dd29b36c458d82f74a953c40c43645,13480,limeira,SP
0dd184061fb0eaa7ca37932c68ab91c5,7031,guarulhos,SP
7813ea3ebd9411dc600b4dd01f7a97b9,6018,osasco,SP
559d56f3b8f0bc2e5a9a62fe2ce2a39f,89220,joinville,SC
2aa3443d7bf9d9bb11133f420d75e083,22713,rio de janeiro,RJ
c3867b4666c7d76867627c2f7fb22e21,14580,guara,SP
0bae85eb84b9fb3bd773911e89288d54,88301,itajai,SP
df91910b6a03bb2e3358fa6a35e32f6f,9560,sao paulo,SP
7e3dde9ffba72d5340f9aaf09b4424be,86185,cambe,PR
058fd0aa2bfdb2274e05e1ae971dabb6,9020,santo andre,SP
f615fe7efbef0f4f08fd3086bc7a3e60,12940,atibaia,SP
07bf9669d84d1f11be443a9dd938f698,4761,sao paulo,SP
08633c14ef2db992c11f840f04fad4cd,9416,ribeirao pires,SP
b0398568231ba5e6734af1881671a317,29704,colatina,ES
70bf57d811208f8923b41bbd499a67a4,7866,franco da rocha,SP
6dc9bec584588412a6a338830946a3e4,3270,sao paulo,SP
5b8154610ebb21fb90eb587365e673df,12246,sao jose dos campos,SP
17ca9b9e9b9ef8fdb529001b49ebb50f,32677,betim,MG
3f0e48d209018b466fcd3bb4ccfeb520,80215,curitiba,PR
9add47bf45ce8e8c7db6b9cf670b1e09,83830,fazenda rio grande,PR
acce39e832338debb07b02385cde5967,32110,contagem,MG
f262cbc1c910c83959f849465454ddd3,3564,sao paulo,SP
c113b8df1fc375bc3d73d29c1b1144d1,8021,sao paulo,SP
31eec405c9bb71dec8e2629a92e764fa,29300,cachoeiro de itapemirim,ES
14ee35374a7876217954b5fa08e50463,15015,sao jose do rio preto,SP
e72b4feb7abe210c52aa667abc25a3a2,3122,sao paulo,SP
373ee4a3a775a733770ca3f790b8b9ac,22793,rio de janeiro,RJ
432c37c9dfba871172ec162e20118b8c,70235,brasilia,DF
e9511df20ccd82658a30c37b7fb343af,17026,bauru,SP
432c67955c0acd1fd6b0b5d678766a71,5571,sao paulo,SP
d8c7ba53e7e38711eaef8c2849d6d2e1,87120,floresta,PR
6338ea67c41078a46ad99cc009654956,95170,farroupilha,RS
6c12e40690c335dbc2f68a4134d30dc1,84178,castro,PR
65febd49fd28ec955651299159b1f527,3275,sao paulo,SP
5b581417df4480f632484ba681e53944,88050,florianopolis,SC
06e5eefc71ec47ae763c5c6f8db7064f,91350,porto alegre,RS
28ea411b354f14b1a494be4e79f0ce02,5685,sao paulo,SP
2a6fbeaa7ab9e5d59a35841a8da71ce4,89259,jaragua do sul,SC
77fccaae319668a8ab6cd0fd16aec48c,28035,campos dos goytacazes,RJ
aae5e7b457a3c72ee230a47d98fceda5,83040,sao jose dos pinhas,PR
ff1fb4c404b2efe68b03350a8dc24122,8710,mogi das cruzes,SP
86bf77bdb52e615674772d5817c6212f,94410,viamao,RS
6860153b69cc696d5dcfe1cdaaafcf62,13360,capivari,SP
903037660cf848a717166eb7a06d616e,5734,sao paulo,SP
f08c008c8a8d31417763738a1788a2a8,85875,santa terezinha de itaipu,PR
bf3c6d2a28b2b5501e6c15448982dcc9,4180,sao paulo,SP
e99e927c81e3f51739c94fcdfca9f10f,38400,uberlandia,MG
49cdc90518a4f82676b38b3c1aa43ff6,3031,sao paulo,SP
066a6914e1ebf3ea95a216c73a986b91,85863,foz do iguacu,PR
6d66611d7c44cc30ce351abc49a68421,4378,sao paulo,SP
3d8fa2f5b647373c8620330c4e077a9f,3031,sao paulo,SP
76d5af76d0271110f9af36c92573f765,3194,sao paulo,SP
729f06993dac8e860d4f02d7088ca48a,13481,limeira,SP
50770d25768b0486d89be26afca3108f,9271,santo andre,SP
cc419e0650a3c5ba77189a1882b7556a,9015,santo andre,SP
0df3984f9dfb3d49ac6366acbd3bbb85,32604,betim,MG
7008613ea464bad5cb9b83456e1e6a8f,89460,canoinhas,SC
7f152321c60a266edc53af1925ef96c1,88801,criciuma,SC
52ac6f920b7280e4c6d30dd94de6259b,83321,pinhais,PR
7d7d2b7a51328016102d4528c411d630,14940,ibitinga,SP
994f04b3718c2bab35c2adfa8afecd2a,13912,jaguariuna,SP
3f3486b61f45078d4f31ee5e43d8c5bb,3035,sao paulo,SP
ce248b21cb2adc36282ede306b7660e5,89251,jaragua do sul,SC
7ad32824caee82087b3e2e5f33b1bf32,14940,ibitinga,SP
de722cd6dad950a92b7d4f82673f8833,51250,recife,PE
70849ca4f400aaabb62cb7462a6f1428,31210,belo horizonte,MG
5c3460cd3e8a984382ae254e7dd20d9f,15085,sao jose do rio preto,SP
45ba18c210d42734ec52c0c1c574e9ee,18130,sao roque,SP
10cdd491d1dbea8fb4ead97b19c334ce,37540,santa rita do sapucai,MG
dc317f341ab0e22f39acbd9dbf9b4a1f,94910,cachoeirinha,RS
1b8356dabde1d35e17cef975c3f82730,3477,sao paulo,SP
968268a686aa05d1f529fb07dff08130,1530,sao paulo,SP
3ea00e1dea2b0659dbaf654735929220,80020,curitiba,PR
54965bbe3e4f07ae045b90b0b8541f52,85851,foz do iguacu,PR
6039e27294dc75811c0d8a39069f52c0,6162,osasco,SP
b45d7ebfb7378630f1bcd74b6ff86ff7,30285,belo horizonte,MG
05ff92fedb5be47920fea08e501238b9,98803,santo angelo,RS
c68fb906c8f4b4b946d8386bfa6e5467,14870,jaboticabal,SP
53d00c40e32aeb924a84ce72b1af869d,14940,ibitinga,SP
93dc87703c046b603023e75222018b45,30315,belo horizonte,MG
10076e5788b8ee532724bcd460baf762,14315,batatais,SP
e9c6969d40e6a3d2d0f90013165c2b98,3448,sao paulo,SP
bd0a1b0aadca9a83d9304f7e8ff5fbd5,1212,sao paulo,SP
cf654707ed6a99f112c7ec3d6f314b8b,4615,sao paulo,SP
01c97ebb5cdac52891c0ed1c37ba0012,15804,catanduva,SP
f0b47fbbc6dee9aafe415a6e33051b3f,9360,maua,SP
3dbbce181edfaa4a597ec858c382d2ec,82515,curitiba,PR
1127b7f2594683f2510f1c2c834a486b,13087,campinas,SP
79ed755314cfe6df0daef2c6cd3022cd,13503,rio claro,SP
2c9e548be18521d1c43cde1c582c6de8,8752,mogi das cruzes,SP
bc47d5d1490df2b36add65d733eafaba,9163,santo andre,SP
fec6275253471ace26d209bbaa64cd0f,28605,nova friburgo,RJ
c31eff8334d6b3047ed34bebd4d62c36,13322,salto,SP
822166ed1e47908f7cfb49946d03c726,25803,tres rios,RJ
2e3be8a987a30d7544dbbda6861cc14e,30620,belo horizonte,MG
f1b93673502375d491780bb49d615dbc,12228,sao jose dos campos,SP
b2ba3715d723d245138f291a6fe42594,3470,sao paulo,SP
31344c16881c08a8a72c6d2eb29918c1,36500,uba,MG
fcb5ace8bcc92f75707dc0f01a27d269,7032,guarulhos,SP
6a0cbc8af2e8abd1bdfb777943d174c6,14312,batatais,SP
8931a84a914b3fe9b1ddaa4d704947ca,8410,sao paulo,SP
7681ef142fd2c19048da7430856b5588,7074,guarulhos,SP
3771c85bac139d2344864ede5d9341e3,18087,sorocaba,SP
7ddcbb64b5bc1ef36ca8c151f6ec77df,4403,sao paulo,SP
3481aa57cd91f9f9d3fa1fa12d9a3bf7,13360,capivari,SP
bd0389da23d89b726abf911cccc54596,71691,brasilia,DF
af3ef48d0e13835e529c29ac573c63e5,14802,araraquara,SP
855668e0971d4dfd7bef1b6a4133b41b,13257,itatiba,SP
77e4abfd739aed9c46480f90f81c0eb4,70767,brasilia,DF
863d2ebcd347ce4922de7a0f9a5581d6,21041,rio de janeiro,RJ
1c68394e931a64f90ea236c5ea590300,87114,sarandi,PR
95b293867b5862941c9cd74f756a3c68,8223,sao paulo,SP
e62b2d6ac10570a035a30bafcf01d263,5767,sao paulo,SP
f63d8f293af3a6454377546bd9dd19ff,18110,votorantim,SP
7a425d299613df3e613bcf9d2eaf5c49,22790,rio de janeiro,RJ
f593898ec748b7a8cb81fc04edafd98a,13920,pedreira,SP
77530e9772f57a62c906e1c21538ab82,80310,curitiba,PR
191d55f7edb8524d525ed01b20fe32e8,73020,brasilia,DF
ff69aa92bb6b1bf9b8b7a51c2ed9cf8b,8140,sao paulo,SP
edf96ef93ed595084bbcbd9224bd2894,1545,sao paulo,SP
6a8b085f816a1f75f92dbac6eb545f8f,14709,bebedouro,SP
75fbb52eda0cbc24f479d3b2fbfa8d3e,74560,goiania,GO
062ce95fa2ad4dfaedfc79260130565f,95913,lajeado,RS
2ee0a0689f2f6a72f35a7cb6033f6e7e,19025,presidente prudente,SP
dd533b429f380718b70ad9922c294bae,14781,barretos,SP
582d4f8675b945722eda7c0cb61ba4c7,11250,bertioga,SP
94144541854e298c2d976cb893b81343,94451,viamao,RS
bf84056e679dbe9c69929847a40e338f,2537,sao paulo,SP
02d35243ea2e497335cd0f076b45675d,59077,natal,RN
1c129092bf23f28a5930387c980c0dfc,2972,sao paulo,SP
8090490573c6c0aa343a7231ebcb8c86,4130,sao paulo - sp,SP
602044f2c16190c2c6e45eb35c2e21cb,14940,ibitinga,SP
b347677812ea483b0f528eaf8cbc09b7,82540,curitiba,PR
b499c00f28f4b7069ff6550af8c1348a,13481,limeira,SP
fad44952713764836814be105382aee5,21340,rio de janeiro,RJ
f1ed6bd0a9b11b581f16c851c6a5a527,90240,porto alegre,RS
624f4ece8da4aafb77699233d480f8ef,5138,sao paulo,SP
95e03ca3d4146e4011985981aeb959b9,21210,rio de janeiro,RJ
1771297ac436903d1dd6b0e9279aa505,7025,guarulhos,SP
df560393f3a51e74553ab94004ba5c87,87900,loanda,PR
834f3294fba9f932f56edc879193f925,14808,araraquara,SP
6c177e38df6d3f34182b1f1d427231bf,80430,curitiba,PR
08d0949a9a17c027262db1f3c450c26c,85804,cascavel,PR
04843805947f0fc584fc1969b6e50fe7,93900,ivoti,RS
a37c340b91cb0169e8b029db6440fba2,4424,sao paulo,SP
381c83fdca332ea6afd896da20bf6e4a,80010,curitiba,PR
6fd52c528dcb38be2eea044946b811f8,8180,sao paulo,SP
189ca3538ce9f920cacf0f982cbe223b,3589,sao paulo,SP
20cb7c2fde3e5bf10f0bbe7394e1c6a9,86385,andira-pr,PR
7e79d65b5c6f1f544b7daea036acf720,9572,sao caetano do sul,SP
f7720c4fa8e3aba4546301ab80ea1f1b,81350,curitiba,PR
4c2b230173bb36f9b240f2b8ac11786e,3933,sao paulo,SP
a23266650e7c84bb93fbbba502137478,90220,porto alegre,RS
02f623a8eb246f3c5f7c2f96462654e6,18611,botucatu,SP
3a734b715d333a2588a3d54a0c9b8746,6132,osasco,SP
392e0502231ae2f8b29994ef6398cd77,18760,cerqueira cesar,SP
5d0363b33554b373851fc1622e4d5f3c,12952,atibaia,SP
17a053fcb14bd219540cbde0df490be0,13843,mogi guacu,SP
cac63f48c38cd7d002a7e846dcd99a23,13170,sumare,SP
f00e21b1e91a79653163b7fd8f293ff1,37795,andradas,SP
4e922959ae960d389249c378d1c939f5,12327,jacarei,SP
9cf787a239c1aa29dbd76f153dc13f9a,14403,franca,SP
2c3d56f92f360fb89d849b84e8f50eae,6420,barueri,SP
94e93ce877be27a515118dbfd2c2be41,15502,votuporanga,SP
8581055ce74af1daba164fdbd55a40de,7112,guarulhos,SP
0951a6e282947e09cd47969f4ed0b47f,6763,taboao da serra,SP
52f0fe436a347ddad7ed5f9aa4e27eaa,1129,sao paulo,SP
9c7fd21e0aa159b20da593371f08ff7c,6180,osasco,SP
c33847515fa6305ce6feb1e818569f13,88359,brusque,SC
2c00c85d30361cd2ced2969cffbbffa3,31160,belo horizonte,MG
d4e4b5192cba4e0e66eb12a9d347239d,85904,toledo,PR
bb5bd94c8f59cc050072d2930c869cac,5008,sao paulo,SP
2a7dc43cecabf23403078e2188437d1d,4142,sao paulo,SP
578fa3a9cb6b6dceab39231ad59cdaca,60025,fortaleza,CE
a3f0b55de503387383c7b1de3ad7f678,82400,curitiba,PR
4fae87d32467e18eb46e4a76a0a0b9ce,99670,ronda alta,RS
ea566164622c6b439516ab18062c42cd,5303,sao  paulo,SP
821fb029fc6e495ca4f08a35d51e53a5,2030,sao paulo,SP
1a932caad4f9d804097d7f8e615baed1,2976,sao paulo,SP
2be17df1c49978426251562096c3cc09,88704,tubarao,SC
c6381d2d013342748761e906d45aff76,93180,portao,RS
c500367424994318b9e779ff1ae9a330,13145,paulinia,SP
c66dccfb3f109511246da627dd5a2498,11900,registro,SP
d921b68bf747894be13a97ae52b0f386,35570,formiga,MG
e256a62e0ac58c0edfba09966142d561,81320,curitiba,PR
c8417879a15366a17c30af34c798c332,4445,sao paulo,SP
989becdce12ebc39863c2bceab6f3ca1,81730,curitiba,PR
c4d51195486dc781531876a7d00453d8,19023,presidente prudente,SP
2528513dd95219a6013d4d05176e391a,6060,osasco,SP
77a515caa36327151d1cc6c32a9f00e1,9912,diadema,SP
32fdd5d44ecb43dfd6a24b9369eca144,35557,carmo do cajuru,MG
4b0fdb526525f9890eb145bf1534640e,14940,ibitinga,SP
318f287a62ab7ac10b703ac37435a231,4773,sao paulo,SP
52bb00821bcdd358a5a5a27e1f6be5a1,6268,osasco,SP
55dedd83e501d8248880557d9073cbfd,22061,rio de janeiro,RJ
5b179e9e8cc7ab6fd113a46ca584da81,5424,sao paulo,SP
ffdd9f82b9a447f6f8d4b91554cc7dd3,80030,curitiba,PR
cb41bfbcbda0aea354a834ab222f9a59,3520,sao paulo,SP
2379bdc3888025689a9deb7b141507d5,13806,mogi mirim,SP
a414555ce331b8c8aea4a9cb8395194d,3638,sao paulo,SP
834f8533b2ecb6598dd004ff3de7203a,5181,sao paulo,SP
b26741d31a563d769b4af0465ab20c56,88061,florianopolis,SC
cc3d14116804f7209f3884f6367f1152,82940,curitiba,PR
440dd6ab244315c632130ecfb63827b1,15502,votuporanga,SP
66fd84ee7528c0c0de85d0f44a73d5ab,98975,campina das missoes,RS
f3c38ab652836d21de61fb8314b69182,1206,sao paulo,SP
45d33f715e24d15a6ccf5c17b3a23e3c,18015,sorocaba,SP
c33a5c3c983090c8b78a28e65052a20d,88802,criciuma,SC
16090f2ca825584b5a147ab24aa30c86,12940,atibaia,SP
b561927807645834b59ef0d16ba55a24,2955,sao paulo,SP
28d162ab86bb49d719c32f0ee6186eaa,14079,ribeirao preto,SP
da6a60cc8cc724fe51be021ff8be779c,28941,sao pedro da aldeia,RJ
213b25e6f54661939f11710a6fddb871,13321,salto,SP
78c99c6dff4eeae5be99bf635ed21e3f,17510,marilia,SP
a36ac007a4d18f865c8d32c3b2402c2d,6455,barueri,SP
6b333a05bf188ef3e1f1662a86bd9855,72304,brasilia,DF
56642bcb79900e777d68e91915cb4267,3701,sao paulo,SP
41b86b552e54e3a7009596125aa8b167,2470,sao paulo,SP
8a130737016f838139d31878787a39c9,3187,sao paulo,SP
11742f81550ac064cc9a40f67151d9ad,15810,catanduva,SP
8a40ae794fa3f9892cee24bd5af0488b,82620,curitiba,PR
850f4f8af5ea87287ac68de36e29107f,4367,sao paulo,SP
643214e62b870443ccbe55ab29a4dccf,2134,sao paulo,SP
ce27a3cc3c8cc1ea79d11e561e9bebb6,3006,sao paulo,SP
0241d4d5d36f10f80c644447315af0bd,80330,curitiba,PR
8e8a7ce9f2f970dc00e2acf6f6e199f6,24710,sao goncalo,RJ
9a1aea68d3efa00862ec88c0768037d0,15806,catanduva,SP
8cc6a0e5738e61a87b03c78b2ba9db4b,37795,andradas,MG
f4db9b37944bcb8873e6b456ee190bbf,8599,itaquaquecetuba,SP
729b2d09b2a0bdab221076327f13d050,17320,mineiros do tiete,SP
18e694e0e48ed6f7aa3f24aade5fd697,13224,varzea paulista,SP
30a81d8cf85fb2ada1b1b094c9583a95,3563,sao paulo,SP
e64d65bc8dbec2accda90c58de5d1246,13500,rio claro,SP
67bf6941ba2f1fa1d02c375766bc3e53,82400,curitiba,PR
897060da8b9a21f655304d50fd935913,14092,ribeirao preto,SP
d1b9d4be4b6f9ebd85f8acd6745ba612,34006,nova lima,MG
b81e3a6c866a764974fe849821abeebd,9360,maua,SP
b494891378bd8f4560abe576c52deacd,4160,sao paulo,SP
09f952a5f58d2285b0372551ae8f9b01,9725,sao bernardo do campo,SP
14d7985702e72162bbf13b6beb74ab2b,9131,santo andre,SP
9616352088dcf83a7c06637f4ebf1c80,87504,umuarama,PR
557f22c76691849db52d2abccf0015d0,75650,morrinhos,GO
51702dc2a3e106c76dbff722b5bf0726,13835,conchal,SP
97512d3fc193b2d1dfcdba0f9d1f0f8a,8270,sao paulo,SP
d197aa8fbc64087f61984deef05f6227,12224,sao jose dos campos,SP
afa6714acee029b2dfdf357e5579cc03,13690,descalvado,SP
520b493b57809f446cb0a233bb3e25c7,11075,santos,SP
b83cedfb587e7911540e3f576d6917ce,4870,sao paulo,SP
0ef83d7d83ed97cd2a0049ac8be5f88a,80230,curitiba,PR
d13e50eaa47b4cbe9eb81465865d8cfc,9210,santo andre,SP
5c6d4016c2a288f074fa0848a2b653d2,1209,sao paulo,SP
da8622b14eb17ae2831f4ac5b9dab84a,13405,piracicaba,SP
5f1dc28029d2c244352a68107ec2b542,5126,sao paulo,SP
710e3548e02bc1d2831dfc4f1b5b14d4,86600,rolandia,PR
3ab971ce71839580d2ae5b4e40fe8044,3210,sao paulo,SP
9d4db00d65d7760644ac0c14edb5fd86,18025,sorocaba,SP
1dcfa3835714681d4ba4a93bc1e0fd41,16200,birigui,SP
d4f117125b59ce73c3302f88ee40c458,4058,sao paulo,SP
30a2f535bb48308f991d0b9ad4a8c4bb,13457,santa barbara d'oeste,SP
1336efc61c316ddf92c899eb817f7cae,19800,assis,SP
620c87c171fb2a6dd6e8bb4dec959fc6,25645,petropolis,RJ
070d165398b553f3b4b851c216b8a358,3916,sao paulo,SP
9fc70243fb26800cba56e8f014797004,30270,belo horizonte,MG
88460e8ebdecbfecb5f9601833981930,87030,maringa,PR
7d76b645482be4a332374e8223836592,1511,sao paulo,SP
5f06030071324cc52bf0304014ac7234,17514,marilia,SP
46ef1a25845fc051c2998d878354810c,35530,claudio,MG
cac4c8e7b1ca6252d8f20b2fc1a2e4af,13347,indaiatuba,SP
cc63f0dd2acba93ffed4fe9f8e0321fa,15025,sao jose do rio preto,SP
01fd077212124329bac32490e8ef80d9,14079,ribeirao preto / sao paulo,SP
7a188843479798ca813108fa7b959286,4276,sao paulo,SP
3d68c634a99a1ba46dbca3967a69c623,88270,nova trento,SC
06a2c3af7b3aee5d69171b0e14f0ee87,65072,sao luis,MA
2e90cb1677d35cfe24eef47d441b7c87,2285,sao paulo,SP
adbc26658d6c7b4b6219f9d934598091,81770,curitiba,PR
0ffa40d54288e4f3499b8780dd0f144f,19013,presidente prudente,SP
d05ae8f7a5bd1d2a690a44cd079e4e27,22775,rio de janeiro,RJ
508808d438fe2ff972ed13bb8f4a82e2,3963,sao paulo,SP
39d61be7a92eb77b7da367bd4845bc0e,13420,sao paulo,SP
c510bc1718f0f2961eaa42a23330681a,13330,indaiatuba,SP
c878515173c84a492ebe50d6b493230b,85880,itaipulandia,PR
77714512e8d4dda9c234da8e3faf16e4,7056,guarulhos,SP
bcf5566870987da7bc811fbc8c5b9fd9,3378,sao paulo,SP
2e1c9f22be269ef4643f826c9e650a52,4850,sao paulo,SP
00fc707aaaad2d31347cf883cd2dfe10,87025,maringa,PR
58e4b302b54937e55a678c4d15111da4,83402,colombo,PR
d1c281d3ae149232351cd8c8cc885f0d,14940,ibitinga,SP
f80edd2c5aaa505cc4b0a3b219abf4b8,3431,sao paulo,SP
3ade81dab5a172b88e1871c28ae05260,15076,sao jose do rio preto,SP
562fc2f2c2863ab7e79a9e4388a58a14,13070,campinas,SP
df0f42bc4c2142eacf0eaf2cffd0cfbb,88306,itajai,SC
40db9e9aa57f7bb151bcda6b0f9bdbb7,52010,recife,PE
960945e1a9535cbc0cd6ddd35fbe7ae8,8290,sao paulo,SP
8d92f3ea807b89465643c219455e7369,3052,sao paulo,SP
5a8e7d5003a1f221f9e1d6e411de7c23,13076,campinas,SP
6d1b9c9579132c87d2703ec38c30f2c5,82515,curitiba,PR
5d3bb11474a06bdc23fb9e89f1164ee0,19804,assis,SP
3bb548e3cb7f70f28e3f11ee9dce0e59,87040,maringa,PR
522620dcb18a6b31cd7bdf73665113a9,85801,cascavel,PR
d32e3909cfb714fb2a6cb092c85b9c5f,13215,jundiai,SP
85d9eb9ddc5d00ca9336a2219c97bb13,31255,belo horizonte,MG
a673821011d0cec28146ea42f5ab767f,3809,sao paulo,SP
c8b3445d737de6befde0c88ede534a5e,5734,sao paulo,SP
eb5b6204dde3a6e03b5f1bb8479f055b,6900,embu guacu,SP
2e1a7d075abe038c1b2743005fe42ff1,3461,sao paulo,SP
11bfa66332777660bd0640ee84d47006,14085,ribeirao preto,SP
dd39ad39b5d3df33037e141c72497ba6,4282,sao paulo,SP
dd55f1bb788714a40e7954c3be6df745,1021,sao paulo,SP
ae7ab174effdead6c241e547e4ca13f0,86703,arapongas,PR
9d7a1d34a5052409006425275ba1c2b4,14403,franca,SP
dc4a0fc896dc34b0d5bfec8438291c80,14940,ibitinga,SP
b9ca8e8baa5d4aa038394a700f63e69f,3001,sao paulo,SP
e26901d5ab434ce92fd9b5c256820a4e,9350,maua,SP
9d5604a1f112324ad6b2aa552122e0fb,88075,florianopolis,SP
a6fe7de3d16f6149ffe280349a8535a0,14401,franca,SP
aac29b1b99776be73c3049939652091d,38408,uberlandia,MG
54a1852d1b8f10312c55e906355666ee,13456,santa barbara d'oeste,SP
c826c40d7b19f62a09e2d7c5e7295ee2,7133,guarulhos,SP
a425f92c199eb576938df686728acd20,81050,curitiba,PR
3c3017960b2dbd72711a61f0400aab8f,89251,jaragua do sul,SC
113e3a788b935f48aad63e1c41dac1bd,12570,aparecida,SP
d12c926d74ceff0a90a21184466ce161,2634,sao paulo,SP
594f9aaa48e5bf431f011ddc5669b0d5,32185,contagem,MG
eba88037e1dca898cd02881f67ced679,3647,sao paulo,SP
f7ccf836d21b2fb1de37564105216cc1,14940,ibitinga,SP
7e3f87d16fb353f408d467e74fbd8014,4809,sao paulo,SP
bb135baca94c82fcb731335ad5b04a03,4362,sao paulo,SP
f5f46307a4d15880ca14fab4ad9dfc9b,89165,rio do sul,SC
58c851d1a3c7cd3da329eb59453fed44,13504,rio claro,SP
4830e40640734fc1c52cd21127c341d4,3573,sao paulo,SP
dbb9b48c841a0e39e21f98e1a6b2ec3e,3929,sao paulo,SP
72c5da29406b4234927b81855e7b64f6,7077,guarulhos,SP
8bdd8e3fd58bafa48af76b2c5fd71974,1552,sao paulo,SP
4391ea5c5990502176a1dcda44a2373d,91910,porto alegre,RS
38e6dada03429a47197d5d584d793b41,4763,sao paulo,SP
6973a06f484aacf400ece213dbf3d946,12230,sao jose dos campos,SP
86ff3eaef0267069cc891a2ed9d10a17,88135,palhoca,SC
5f7300535881cef3b625fd683cf7d145,92020,canoas,RS
0cbcee27c791afa0cdcb08587a2013a8,37410,tres coracoes,MG
fcdd820084f17e9982427971e4e9d47f,14075,ribeirao preto,SP
b1a81260566c1bac3114a6d124413f27,99500,carazinho,RS
080199a181c46c657dc5aa235411be3b,6097,osasco,SP
cca3071e3e9bb7d12640c9fbe2301306,14940,ibitinga,SP
788e857f317e53de488d393e65a80f45,8280,sao paulo,SP
b080809eaacb49e5ca07290981472431,30431,belo horizonte,MG
7f7b8245c336066a1f9933c359f11d77,13800,mogi mirim,SP
8648b1e89e9b349e32d3741b30ec737e,12308,jacarei,SP
d50d79cb34e38265a8649c383dcffd48,8290,sao paulo,SP
ebd2d60905fb58271facef5596b620d3,18683,lencois paulista,SP
efcd8d2104f1a05d028af7bad20d974b,16012,aracatuba,SP
530ec6109d11eaaf87999465c6afee01,85807,cascavel,PR
0adac9fbd9a2b63cccaac4f8756c1ca8,13290,louveira,SP
402916f742e5c740cc751493d9cf5053,39740,guanhaes,MG
6d22a1fcebb6dd08c9cd90b92a93e8d0,89215,joinville,SC
b39d7fe263ef469605dbb32608aee0af,14940,ibitinga,SP
7b0df942f46435babab05d49b744b2c4,12924,braganca paulista,SP
42fb44130ac3134cde8e35cf8ec7df25,12995,pinhalzinho,SP
f27e33c6d29b5138fa9967bcd445b6d5,4273,sao paulo,SP
659e8466eb3ff1b0e8740d74fb7bbedd,45820,eunapolis,BA
1c40343cc5d18c2d8248ac2f3366de34,13482,limeira,SP
e3a386fc36e22064434e1fa256f6a9fa,13165,engenheiro coelho,SP
c9aafcd0621b2207c10e32c649cada4d,8011,sao paulo,SP
08ad4ac1388e4420ca531c3edfc46198,6663,itapevi,SP
e601b04acf48b4576e73ddca9481f0dc,4476,sao paulo,SP
98dac6635aee4995d501a3972e047414,2030,sao paulo,SP
a49928bcdf77c55c6d6e05e09a9b4ca5,3017,sao paulo,SP
a1bea7061f61f6fdd9a85a6325ba1033,6311,carapicuiba / sao paulo,SP
3c88ed2e76a2247933a15daa7161eb1c,13154,cosmopolis,SP
6879c4d287a8dd06b11f54ea8f78e4da,6186,osasco,SP
0d85bbda9889ce1f7e63778d24f346eb,38414,uberlandia,MG
d624126b9206f595fb3fbb6ba03b28a8,80045,curitiba,PR
26d8a1c7c75d513045798992ead43aa2,86800,apucarana,PR
f181738b150df1f37cb0bd72e705b193,6317,carapicuiba,SP
bd4889b5e9133b35b66e42a8665cea5c,2963,sao paulo,SP
0b3f27369a4d8df98f7eb91077e438ac,7412,aruja,SP
5ab05b6d86d417796c69ffd6774ec832,19815,assis,SP
9de4643a8dbde634fe55621059d92273,89225,joinville,SC
3be634553519fb6536a03e1358e9fdc7,8275,sao paulo,SP
ed46f1eb4a638113deb2a1137b5f22e9,89080,indaial,SC
04308b1ee57b6625f47df1d56f00eedf,88215,bombinhas,SC
a2b5b6105ea5942300631d2e76f4ffe0,6283,osasco,SP
23d7c96d4a1160db1c726b248601b25a,13360,capivari,SP
c0563dd588b775f2e37747ef6ad6c92c,9220,santo andre,SP
820cc752a266cdc6c1a1e61dd4583330,87050,maringa,PR
e5475dcab1e07b63d7f6e902d8f5eda8,9921,diadema,SP
33a6f4b1e7cdc205511e76ba1b6e0186,7084,guarulhos,SP
91f848e9f4be368f4318775aac733370,3029,sao paulo,SP
7a67c85e85bb2ce8582c35f2203ad736,3426,sao paulo,SP
b372ee768ed69e46ca8cdbd267aa7a38,15013,sao jose do rio preto,SP
d20b021d3efdf267a402c402a48ea64b,14940,ibitinga,SP
dc7192adf8ba09569261f4a8d576afe0,18401,itapeva,SP
0ea22c1cfbdc755f86b9b54b39c16043,35700,sete lagoas,MG
be8e909810184b9b19e886129149d8e5,13418,piracicaba,SP
bbaff50f3b708fda865918715276cd87,12940,atibaia,SP
db2956745b3a8e9f3785c99f34b5d25e,11600,sao sebastiao,SP
8fb791022c1fc8909664f48ab7dc636d,3976,sao paulo,SP
232a6014e7b10cba61c6c2b2ea6bb4b0,16500,cafelandia,SP
59cd88080b93f3c18508673122d26169,11707,praia grande,SP
fffd5413c0700ac820c7069d66d98c89,13908,amparo,SP
712e6ed8aa4aa1fa65dab41fed5737e4,89560,videira,SC
99a25c39b28a74d1151c35c18d178292,2236,sao paulo,SP
0b35c634521043bf4b47e21547b99ab5,84530,teixeira soares,PR
c35672b10ad50968f567ea3f4b91e877,26551,mesquita,RJ
f435898e493ba0356019a0b1cb8b55b1,81720,curitiba,PR
d8cf3b6a2151949f930d0252b180ec42,87160,mandaguacu,PR
edb1ef5e36e0c8cd84eb3c9b003e486d,25957,teresopolis,RJ
3361277dc30b7cccdb0c286b24219756,87015,maringa,PR
3c7c4a49ec3c6550809089c6a2ca9370,3804,sao paulo,SP
48162d548f5b1b11b9d29d1e01f75a61,13403,piracicaba,SP
9646c3513289980f17226a2fc4720dbd,12215,sao jose dos campos,SP
52a52b9f656520e99716f5bc40f661c8,13573,sao carlos,SP
36a968b544695394e4e9d7572688598f,11010,santos,SP
5721089ba9214e80074f27d5a03fc0eb,1408,sao paulo,SP
1782ce2db72c3dda627d5e7c898104e1,6766,taboao da serra,SP
8160255418d5aaa7dbdc9f4c64ebda44,14940,ibitinga,SP
cee48807215b30a12ca2ca10ffb5f250,11431,guaruja,SP
4c03b9dd4c11ee2cb35c96c49efc9420,13232,campo limpo paulista,SP
a5a1bfcf728ab0e19182959cf0771ee4,13960,socorro,SP
431050a06a317f2b38168dec3dcd2b46,2475,sao paulo,SP
ffff564a4f9085cd26170f4732393726,13070,campinas,SP
1b1ae47a313a825a7ccceb8e2e30fa9d,83450,bocaiuva do sul,PR
99a54764c341d5dc80b4a8fac4eba3fb,3273,sao paulo,SP
282f23a9769b2690c5dda22e316f9941,31573,belo horizonte,MG
427165bf50f8ca07efc7bdc2bfcf1688,13471,americana,SP
d03698c2efd04a549382afa6623e27fb,45658,ilheus,BA
e21a1e8be4715b0fcfd5385643bc49c4,88715,jaguaruna,SC
8f119a0aee85c0c8fc534629734e94fd,6440,barueri,SP
fdaaf5bfda82b7b80535610c831b8d09,15015,sao jose do rio preto,SP
b1fc4f64df5a0e8b6913ab38803c57a9,24440,sao goncalo,RJ
1d0646a72178a6fb37ee8082140e06ec,89203,joinville,SC
0ebd97a106433a45a4aebe57c1799778,32240,contagem,MG
a7f13822ceb966b076af67121f87b063,8577,itaquaquecetuba,SP
c64a2aec32cc408a8a4c6d7c46017f91,95625,imbe,RS
80e6699fe29150b372a0c8a1ebf7dcc8,83323,pinhais,PR
42ef3192a9ff87a22d1867b74b3ee205,9090,santo andre,SP
a2deecd5398f5df4987110c80a1972a3,5043,sao paulo,SP
aae5953b9edddf14749c0d65d60eb4b9,31035,belo horizonte,MG
c003204e1ab016dfa150abc119207b24,7790,cajamar,SP
5656537e588803a555b8eb41f07a944b,72015,brasilia,DF
503c1de08ae81a2d86f17951b204db55,3725,sao paulo,SP
b8bc237ba3788b23da09c0f1f3a3288c,88303,itajai,SC
186cdd1b2df32caa72cfb410bba768d3,89295,rio negrinho,SC
de23c3b98a88888289c6f5cc1209054a,5530,sao paulo,SP
28f10b1c5e5abb9d4857745bede6147c,4250,sao paulo,SP
ba6ce6de456f6c11d08c17701ba5c26f,18044,sorocaba,SP
5dceca129747e92ff8ef7a997dc4f8ca,13450,santa barbara d´oeste,SP
2bf28e311bba65237358230cabac3f15,86047,londrina,PR
3d871de0142ce09b7081e2b9d1733cb1,13232,campo limpo paulista,SP
86ccac0b835037332a596a33b6949ee1,89041,blumenau,SC
aac51c486b672a9850d59f3e84b1cf88,2752,sao paulo,SP
3340ef1913fb70d28420f6ceb685c339,87040,maringa,PR
b74d1c09cb380e1d03a6f859c6f4224b,20061,rio de janeiro,RJ
1bb2bdb95f4841f1bba2c0d2cd83d3c9,1257,sao paulo,SP
670c26e0f1bf8d0576271d5cfaec6d2b,87025,maringa,PR
59de1d4c8c057c2a53acd4ca66531af2,80215,curitiba,PR
f4aba7c0bca51484c30ab7bdc34bcdd1,1031,sao paulo,SP
03a2a6dcbe45d639c4dc2a0d24769c40,9340,maua,SP
e9d99831abad74458942f21e16f33f92,3542,sao paulo,SP
dc8798cbf453b7e0f98745e396cc5616,5455,sao paulo,SP
240b9776d844d37535668549a396af32,24120,niteroi,RJ
3f2af2670e104d1bcb54022274daeac5,87240,terra boa,PR
a2e874074c877c5a05abae80ad6e488f,15070,sao jose do rio preto,SP
abcd2cb37d46c2c8fb1bf071c859fc5b,78020,cuiaba,MT
0bb738e4d789e63e2267697c42d35a2d,18130,sao roque,SP
325f3178fb58e2a9778334621eecdbf9,6790,taboao da serra,SP
8c16d1f32a54d92897cc437244442e1b,89023,blumenau,SC
f5a590cf36251cf1162ea35bef76fe84,9720,sao bernardo do campo,SP
1e8b33f18b4f7598d87f5cbee2282cc2,2066,sao paulo,SP
1da3aeb70d7989d1e6d9b0e887f97c23,4265,sao paulo,SP
53e4c6e0f4312d4d2107a8c9cddf45cd,13920,pedreira,SP
527801b552d0077ffd170872eb49683b,17400,garca,SP
8ca1551acf9832a4cf467bbbac15851f,83607,campo largo,PR
7202e2ba20579a9bd1acb29e61fe71f6,14401,franca,SP
0509040ea3fe50071181bbc359eb7738,31710,belo horizonte,MG
2039c5e51785b5dde7cf93ccb3b7be2c,14790,guaira,SP
e89c4adbe7b1d0819dbb636e16461cf1,13347,indaiatuba,SP
85ecf03781da592876b7844acc1b729f,3658,sao paulo,SP
5c853bb56f70f4d14218944bae111d7a,6715,cotia,SP
bba74270a87732727b5a3b4fd9ac1c39,32604,betim,MG
835f0f7810c76831d6c7d24c7a646d4d,8030,sao paulo,SP
a066df7361163e7ddc5d7452dd17448b,14401,franca,SP
bd4ff04377f974574f7f0bf9d6ce7dde,17370,santa maria da serra,SP
238fac594e170b59c6d228f5a4f4f1d9,17300,dois corregos,SP
134a288e7de827ec5ec62e3ec9c3a295,3168,sao paulo,SP
07de60b03d150fb3ea09eab5da5e4c8b,14940,ibitinga,SP
5cf13accae3222c70a9cac40818ae839,38700,patos de minas,MG
96804ea39d96eb908e7c3afdb671bb9e,38950,ibia,MG
57c764b4a836300be881e2ff86e449f9,14021,ribeirao preto,SP
c72de06d72748d1a0dfb2125be43ba63,46430,guanambi,BA
8d79c8a04e42d722a75097ce5cbcf2ef,61658,caucaia,CE
8ae520247981aa06bc94abddf5f46d34,88370,navegantes,SC
ac3508719a1d8f5b7614b798f70af136,92030,canoas,RS
15cd6eefe58588619aaed41dfa6621b1,35400,ouro preto,MG
4a3ca9315b744ce9f8e9374361493884,14940,ibitinga,SP
6d988d6174a2c27441597174f8905515,87070,maringa,PR
6f892e20a171e98efe17fdb971ff319b,8270,sao paulo,SP
4bfc7a4a1cf8d4d2121c27422d9e50b5,3111,sao paulo,SP
acadd4d36859671cb635527c6c977533,14270,santa rosa de viterbo,SP
034b9387752bfa309f350a70cd45ffa3,89036,blumenau,SC
11eac105f3f90a9b87b19c89d91e24f3,7411,sao paulo,SP
0725b8c0f3f906e58f70cbe76b7c748c,7023,guarulhos,SP
634964b17796e64304cadf1ad3050fb7,21840,rio de janeiro,RJ
54219883e72aad869adfb2a54b7bfa0f,18060,sorocaba,SP
5795aebfe331fbcd02a2c4b679fb7952,88132,palhoca,SC
bccf933e006e9b94a6184af782963e77,19806,assis,SP
b33e7c55446eabf8fe1a42d037ac7d6d,14850,pradopolis,SP
218d46b86c1881d022bce9c68a7d4b15,14070,ribeirao preto,SP
813348c996469b40f2e028d5429d3495,13206,jundiai,SP
2745f798279e0ed033addcc1474776d7,3106,sao paulo,SP
6b803197e03abd5056b4313306b4f29d,1123,sao paulo,SP
b7cc6c5e001441ae8cdd5c69a480cbe4,89520,curitibanos,SC
81783131d2a97c8d44d406a4be81b5d9,18015,sorocaba,SP
cce6ab8d1682639fe45ab70234f1665f,81020,curitiba,SP
eb4df17aed01d918c65f0f8d650900c0,13140,paulinia,SP
f41ce2e25237f9092cd8e6e7516c7a2f,7013,guarulhos,SP
8e6cc767478edae941d9bd9eb778d77a,38442,araguari,MG
52d76513f0c4d97f3b99570e2c94ee31,93348,novo hamburgo,RS
c8467937e403e76a8ee9f0ab13f6f5ef,37704,pocos de caldas,MG
4992e76a42cb3aad7a7047e0d3d7e729,3334,sao paulo,SP
0afccdb8a34ee5c79f7c06faf2b4d56e,38400,uberlandia,MG
02dcd3e8e25bee036e32512bcf175493,32310,contagem,MG
f783a638e9c6af4a7d0dbfde811e7a81,3063,sao paulo,SP
117cfc326c6d50da67ca858ff5c0c852,25530,sao joao de meriti,RJ
2953ce3a88f5e3c3b696d77fc9e4c8eb,4270,sao paulo,SP
bbf9ad41dca6603e614efcdad7aab8c4,60348,fortaleza,CE
57fe6232e67823593374a2281d7a8af8,13360,capivari,SP
4da0e408c99d2fdc2126dc9fce518060,86300,cornelio procopio,PR
8b28d096634035667e8263d57ba3368c,12243,sao jose dos campos,SP
9bc484c87d79cd4874e05ca182658045,2422,sao paulo,SP
c6218512d16fcac0af02fe92691cf274,32315,contagem,MG
d17f467e4bf608a510c20d82f4ba3b6b,95098,caxias do sul,RS
4371b634e0efc0e22b09b52907d9d469,2028,sao paulo,SP
bd23da7354813347129d751591d1a6e2,3971,sao paulo,SP
7238a95bb63ef7e498389fb863b834a1,13487,limeira,SP
35857757f553273b1056c1cabdace7fb,14020,ribeirao preto,SP
8f2ce03f928b567e3d56181ae20ae952,5141,pirituba,SP
d4e12e7884759a14fa0f5f896c791cae,2242,sao paulo,SP
e24fc9fcd865784fb25705606fe3dfe7,12913,braganca paulista,SP
26e2c91ef821e1ff8985f408788fe35b,14940,ibitinga,SP
fec8cd45395b3cb0c2b173d7739706a1,12270,jambeiro,SP
900ba814c251a692506d7834c1218441,13328,salto,SP
afe0067131b73e40875c9b6c10bd2e21,35590,lagoa da prata,MG
542917da124346b47ea1ac79a93ce454,82560,curitiba,PR
8a32e327fe2c1b3511609d81aaf9f042,2443,sao paulo,SP
31561f325664a8a7aba4c8d0c3a9b3db,3287,sao paulo,SP
d23019c84ffae2d5ef2270367b8605fc,86073,londrina,PR
0d83f8e03188682112cc0d93523705cc,91150,porto alegre,RS
0873d9f8f36123f8d910f4760e788cfb,6465,barueri,SP
4869f7a5dfa277a7dca6462dcf3b52b2,14840,guariba,SP
37515688008a7a40ac93e3b2e4ab203f,17900,dracena,SP
0249d282d911d23cb8b869ab49c99f53,5676,sao paulo,SP
818d28f936e791926d33bcb6ee94ef79,4141,sao paulo,SP
bfd938b22bc99bce1ae60dc602889f52,22775,rio de janeiro,RJ
c12b92bf1c350f3e6bf88d3596219c86,17400,garca,SP
080102cd0a76b09e0dcf55fcacc60e05,31140,belo horizonte,MG
5a6a02f419701fc8c605af71d4fc57a4,13465,americana,SP
b2ac621f0d0322434d04a12b078b9369,80220,curitiba,PR
17306570e772e7718c92a562d33f5f1d,17250,bariri,SP
244c2f1bff6afe1f2eaf9bfe9b2aed38,8832,mogi das cruzes,SP
25e47381a6c510ddeb36084e33b89f0c,11720,praia grande,SP
4d6d651bd7684af3fffabd5f08d12e5a,17209,jau,SP
b76dba6c951ab00dc4edf0a1aa88037e,3237,sao paulo,SP
b4ffb71f0cb1b1c3d63fad021ecf93e1,3880,sao paulo,SP
0417b067eeab773d2f7061a726dc477f,89288,sao bento do sul,SC
3c487ae8f8d7542beff5788e2e0aea83,72460,gama,DF
4a3ccda38b2129705f3fb522db62ca31,17504,marilia,SP
5b85809efd0d0e4dea1a9544e1280ed9,19020,presidente prudente,SP
5566627eab3fe93fd6ee08798226101a,83005,sao jose dos pinhais,PR
056b4ada5bbc2c50cc7842547dda6b51,26379,queimados,RJ
1e483cc5c76fef08d3ca05f9a8af7d01,2929,sao paulo,SP
34056b8b55c1775a22af2331670a799c,16304,penapolis,SP
23c38debaffe4a25a30fdbd9b586a13f,18110,votorantim,SP
bd1d49a326abfa9b1036772e40445430,17017,bauru,SP
c9c7905cffc4ef9ff9f113554423e671,6871,itapecerica da serra,SP
abc015ebac1d283a323ca9db35ede4b9,14055,ribeirao preto,SP
00720abe85ba0859807595bbf045a33b,7070,guarulhos,SP
75d34ebb1bd0bd7dde40dd507b8169c3,41820,salvador,BA
e5e33c0d8e7e002f398f5dc4cbbb338f,17032,bauru,SP
8f54d64f28a993550aa7943f12572959,35160,ipatinga,MG
91f5779a8731baca4809fdeade81803f,27321,barra mansa,RJ
13074f016982ff2bd6c58ced8682f000,95705,bento goncalves,RS
cd3d09fbe6e3e9ff0c0ac0c300e93ae7,13380,nova odessa,SP
57e632711dec9ec14ca7546769483e7e,88372,navegantes,SC
cb3dd9ce66268c7a3ca7241ac70ab58c,3028,sao paulo,SP
094ced053e257ae8cae57205592d6712,14095,ribeirao preto,SP
1f1bb1f0859883505541bdd6606193e5,2124,sao paulo,SP
4200ddf1967c5e41e48db62bc6d4b5ac,9710,sao bernardo do campo,SP
236585a4ddb5fea9fa40233e2249ed91,95088,caxias do sul,RS
499ec63c58e51296c9cf57edcfe1c8a8,2918,sao paulo,SP
ec8463980a4e0ea9f8517aea1ed0c419,88010,florianopolis,SC
4736e9d642ef4257cd7622516931eb51,13424,piracicaba,SP
a5cba26a62b8b4d0145b68b841e62e7f,87303,campo mourao,PR
a1bea9970d8f65b240555f99c2214f7f,83323,pinhais,PR
1025f0e2d44d7041d6cf58b6550e0bfa,3204,sao paulo,SP
a5dd1946fb63ada8bcaa0c9cd8f11e22,55002,caruaru,PE
c3e1abd72a42fe690fcd89cf5720fe29,13840,mogi guacu,SP
891071be6ba827b591264c90c2ae8a63,3872,sao paulo,SP
84deb808079d1be601c209c1e771b1cc,81200,curitiba,PR
3c4e0452bff7a2a788179488d3d77032,83408,colombo,PR
6aa3928696eab49a19a466e665a649fd,26285,nova iguacu,RJ
7586919161935337bf6b6d7ff5779648,21921,rio de janeiro,RJ
827f8f69dfa529c561901c4f2e0f332f,81880,curitiba,PR
59fb871bf6f4522a87ba567b42dafecf,3655,sao paulo,SP
fa74b2f3287d296e9fbd2cc80f2d1cf1,19023,presidente prudente,SP
a1043bafd471dff536d0c462352beb48,37175,ilicinea,MG
3fac58ce0ad699020c7944d53c41329c,3480,sao paulo,SP
3b872fd4747f01cc56206f2934198618,14940,ibitinga,SP
6e4a902d1054e4e17aa6eab87fac1c75,18090,sorocaba,SP
92eb0f42c21942b6552362b9b114707d,3504,sao paulo,SP
883dd81e82754ac2c65e9790a7db8c9a,81070,curitiba,PR
5debea795b07621e1f90532e18f96145,86800,apucarana,PR
2709af9587499e95e803a6498a5a56e9,3813,sao paulo,SP
725c32fa80c2faacc4fc88450d27314e,3320,sao paulo,SP
7354220fb240bde543b3c40c060d41e7,71215,brasilia,DF
e8b3a3a38279a82f0e5d006d5e5b7d2c,87230,jussara,PR
b17b679f4f5ce2e03ce6968c62648246,14090,ribeirao preto,SP
ce616e1913288884e7742faac9d981db,6711,cotia,SP
2ff6b7bff164ef05590a52734e1296da,86060,londrina,PR
bce6a5ecf98e99fd2a8868b15c51f04b,7180,guarulhos,SP
0db783cfcd3b73998abc6e10e59a102f,11010,santos,SP
52f9db5cfb423382a2fa5c9e39303202,19830,echapora,SP
431af27f296bc6519d890aa5a05fdb11,14110,ribeirao preto,SP
0be8ff43f22e456b4e0371b2245e4d01,4461,sao paulo,SP
1835b56ce799e6a4dc4eddc053f04066,14940,ibitinga,SP
13d058e4eeac2ce8217660b2f8a05812,6080,osasco,SP
e48b04bf1aa1ef711caebeb7aede6180,80240,curitiba,PR
f67efa3f0b6761102a7f8c6b7b571f5d,82300,curitiba,PR
382229d1e840115ffe3dbf5ff460e417,23092,rio de janeiro,RJ
5c243662ce92d84573bfaff24c3e3700,3702,sao paulo,SP
fd386aa7bed2af3c7035c65506c9b4a3,4208,sao paulo,SP
b2f4d63c7203f539a78252565ca32257,28950,armacao dos buzios,RJ
1b7e5006cb25dd23ce8686691013b121,2350,sao paulo,SP
4559697a8f7e637227c2eeaed843baff,19029,presidente prudente,SP
20d53aad4fe5ee93a64f8839609d3586,37540,santa rita do sapucai,MG
42fa4ee7240e9b8eb4576358ec142ba7,95012,caxias do sul,RS
7ecd59e5e20407131822c1a68ac59c1f,70719,brasilia,DF
c026ef0d72e9132d9fa112308090c8dc,20766,rio de janeiro,RJ
e8f6dc8e6a1dcde89d20e3995c8d90b3,3476,sao paulo,SP
81a1104df0f08b59c68aa5b03cfe398e,83020,sao jose dos pinhais,PR
3f84fefc07dc159b268d4a77d3e8c425,83833,fazenda rio grande,PR
750303a20e9c56b2a6bc45cdce0b897d,74333,goiania,GO
f8db351d8c4c4c22c6835c19a46f01b0,13324,salto,SP
1838dd9b8977065acf51d95e0053ea7a,30882,belo horizonte,MG
39d54ff918774174706fb065d7f9dc07,4243,sao paulo,SP
1ca7077d890b907f89be8c954a02686a,6506,santana de parnaiba,SP
89a51f50b8095ea78d5768f34c13a76f,71931,brasilia,DF
d566c37fa119d5e66c4e9052e83ee4ea,4131,sao paulo,SP
2199e7fe213c16213bf5d6a7eadc9a5d,11900,registro,SP
2b3e4a2a3ea8e01938cabda2a3e5cc79,4733,sao paulo,SP
e333046ce6517bd8bb510291d44f0130,18950,ipaussu,SP
5a413ade68e8f8d93071a7f52a64cb9e,3679,sao paulo,SP
5a425cc503b39b262a847fd6212bf53b,86010,londrina,PR
9803a40e82e45418ab7fb84091af5231,75901,rio verde,GO
83e197e95a1bbabc8c75e883ed016c47,25900,mage,RJ
17908cf9b444ee34047cadd5c0f4a516,75124,anapolis,GO
270297ead4c65a6cd2593960d2af6b21,4696,sao paulo,SP
17f51e7198701186712e53a39c564617,3908,sao paulo,SP
fa14641f57b655e933124a9ea49cd7a5,1310,sao paulo,SP
f35b3c613c4f7b2275f4185d0a3c59ec,5417,sao paulo,SP
44f091b5abab8018f682fce8124b85e5,2281,sao paulo,SP
0570350b23eda5444f8d1d9544932058,5104,sao paulo,SP
de9727ca376d1be6ec121b110aa7954c,87114,sarandi,PR
70a12e78e608ac31179aea7f8422044b,12327,jacarei,SP
ff063b022a9a0aab91bad2c9088760b7,9171,santo andre,SP
82bd0703a4aefd6b599e5bfdaed378fb,17510,marilia,SP
beadbee30901a7f61d031b6b686095ad,7097,guarulhos,SP
fd312b6bf05efac6c3772d5b52205d8a,18111,votorantim,SP
df683dfda87bf71ac3fc63063fba369d,95180,farroupilha,RS
25cf099de44674fde97473224f9d59ab,6716,cotia,SP
d94a40fd42351c259927028d163af842,37443,baependi,MG
406740ee611378a662d274c7d8c43c4a,29056,vitoria,ES
0885aaf116795758dfeb5f1032487bcd,8541,ferraz de vasconcelos,SP
6288c69c4ce638e59925e59193f98b16,9010,santo andre,SP
dfc5fb7259bb2b599ca565e6e9448f0f,9780,sao bernardo do campo,SP
2bf6a2c1e71bbd29a4ad64e6d3c3629f,28615,nova friburgo,RJ
7c4618c82226628831613e95e9c22f44,18136,sao roque,SP
06579cb253ecd5a3a12a9e6eb6bf8f47,4007,sao paulo - sp,SP
4978a02ea9c8be7a9b5480680f40334e,8215,sao paulo,SP
cb6c9f5888a7a090c75beaf615925792,29100,vila velha,ES
46dc3b2cc0980fb8ec44634e21d2718e,22240,rio de janeiro,RJ
58f1a6197ed863543e0136bdedb3fce2,36407,conselheiro lafaiete,MG
165fc07beebdcb6190fba8a06db2a449,87015,maringa,PR
0691148aee60ca47977c187804f935ae,86010,londrina,PR
cac876b37d3abcd6bd76caca30277996,85816,cascavel,PR
70eea00b476a314817cefde4aad4f89a,13250,itatiba,SP
c840d3fdbba0790404fdae73d253b253,81530,curitiba,PR
9cad4b68bb993ee401a3c5aaa2bc26dd,16200,birigui,SP
7040e82f899a04d1b434b795a43b4617,1026,sao paulo,SP
20b54c376b794ed028df09a3cd88e8dc,9560,sao caetano do sul,SP
7daca0837f033a41a6f3428c18657533,15170,tanabi,SP
d66c305afaec317ebee552073a674429,33936,ribeirao das neves,MG
74c7dec0a384d8a05950e629bd23bde9,13845,mogi guacu,SP
42bde9fef835393bb8a8849cb6b7f245,71551,brasilia,DF
66922902710d126a0e7d26b0e3805106,31842,belo horizonte,MG
05f51e13da97139648b8125c31e5f51b,31910,belo horizonte,MG
7d456afc660226829370f3173d14520c,8820,mogi das cruzes,SP
1900267e848ceeba8fa32d80c1a5f5a8,14940,ibitinga,SP
157c3e4b42f81ac4a44e8b1ca2fe9876,3211,sao paulo,SP
08d2d642cf72b622b14dde1d2f5eb2f5,17512,marilia,SP
014c0679dd340a0e338872e7ec85666a,35180,timoteo,MG
6ee85be3693ed79a8e80718743d80655,3937,sao paulo,SP
d5ba419e26d246a0719437cf37d9b46d,3437,sao paulo,SP
15aac934c58d886785ac1b17953ea898,29480,muqui,ES
f789d2c4f2c2eb38fc4373e7a4b35264,36010,juiz de fora,MG
7f5e4d5efad7e44b91115dd1decb65f3,12306,jacarei / sao paulo,SP
87b740daf17b5d1be335a64164ec6842,8615,suzano,SP
7b3f6ce5c6c22e9b96e7581ebf0df6e1,13710,tambau,SP
17e34d8224d27a541263c4c64b11a56b,14085,riberao preto,SP
e2aee0892199b1d92530e371abd825bf,86600,rolandia,PR
870d0118f7a9d85960f29ad89d5d989a,37708,pocos de caldas,MG
ec8879960bd2221d5c32f8e12f7da711,13253,itatiba,SP
9198786624eaeb375793215cad26cfa6,89136,rodeio,SC
fe1b067411b8c5066e962aa146ccee03,19020,presidente prudente,SP
a938325a4b357fd23a6a4d5bb126408e,26510,nilopolis,RJ
a3dd39f583bc80bd8c5901c95878921e,41342,salvador,BA
06df0c10d34e459d9672bc77388742eb,87045,maringa,PR
3c03b12bab54d8b37d79d914bfdb1aa0,25561,sao joao de meriti,RJ
9d5a9018aee56acb367ba9c3f05d1d6a,74930,aparecida de goiania,GO
198c7ea11960a9844b544d9bcdca860c,37590,jacutinga,MG
66e0557ecc2b4dbea057e93f215f68d8,4771,sao paulo,SP
21e83881401b92b49fb09a16d3852291,38405,uberlandia,MG
daeb5653dd96c1b11860f72209795012,31310,belo horizonte,MG
ea67327e24487bdfac5fbfa37ea124df,14940,ibitinga,SP
c70c1b0d8ca86052f45a432a38b73958,13186,hortolandia,SP
4e2627090e6e5b9fabba883a37897683,31565,belo horizonte,MG
7bac63f6603d382cc8d0832eb6c100a8,5713,sao paulo,SP
